,player,position,age,team,games,games_started,mins_per_g,fg_per_g,fga_per_g,fg_pct,fg3_per_g,fg3a_per_g,fg3_pct,fg2_per_g,fg2a_per_g,fg2_pct,efg_pct,ft_per_g,fta_per_g,ft_pct,orb_per_g,drb_per_g,trb_per_g,ast_per_g,stl_per_g,blk_per_g,tov_per_g,pf_per_g,pts_per_g
0,Álex Abrines,SG,25,OKC,31,2,19.0,1.8,5.1,0.35700000000000004,1.3,4.1,0.32299999999999995,0.5,1.0,0.5,0.48700000000000004,0.4,0.4,0.9229999999999999,0.2,1.4,1.5,0.6,0.5,0.2,0.5,1.7,5.3
1,Quincy Acy,PF,28,PHO,10,0,12.3,0.4,1.8,0.222,0.2,1.5,0.133,0.2,0.3,0.667,0.278,0.7,0.7,0.7,0.3,2.2,2.5,0.8,0.1,0.4,0.4,2.4,1.7
2,Jaylen Adams,PG,22,ATL,34,1,12.6,1.1,3.2,0.345,0.7,2.2,0.33799999999999997,0.4,1.1,0.361,0.45899999999999996,0.2,0.2,0.778,0.3,1.4,1.8,1.9,0.4,0.1,0.8,1.3,3.2
3,Steven Adams,C,25,OKC,80,80,33.4,6.0,10.1,0.595,0.0,0.0,0.0,6.0,10.1,0.596,0.595,1.8,1.8,0.5,4.9,4.6,9.5,1.6,1.5,1.0,1.7,2.6,13.9
4,Bam Adebayo,C,21,MIA,82,28,23.3,3.4,5.9,0.5760000000000001,0.0,0.2,0.2,3.4,5.7,0.588,0.579,2.0,2.0,0.735,2.0,5.3,7.3,2.2,0.9,0.8,1.5,2.5,8.9
5,Deng Adel,SF,21,CLE,19,3,10.2,0.6,1.9,0.306,0.3,1.2,0.261,0.3,0.7,0.385,0.389,0.2,0.2,1.0,0.2,0.8,1.0,0.3,0.1,0.2,0.3,0.7,1.7
6,DeVaughn Akoon-Purcell,SG,25,DEN,7,0,3.1,0.4,1.4,0.3,0.0,0.6,0.0,0.4,0.9,0.5,0.3,0.1,0.1,0.5,0.1,0.4,0.6,0.9,0.3,0.0,0.3,0.6,1.0
7,LaMarcus Aldridge,C,33,SAS,81,81,33.2,8.4,16.3,0.519,0.1,0.5,0.23800000000000002,8.3,15.8,0.528,0.522,4.3,4.3,0.847,3.1,6.1,9.2,2.4,0.5,1.3,1.8,2.2,21.3
8,Rawle Alkins,SG,21,CHI,10,1,12.0,1.3,3.9,0.33299999999999996,0.3,1.2,0.25,1.0,2.7,0.37,0.37200000000000005,0.8,0.8,0.667,1.1,1.5,2.6,1.3,0.1,0.0,0.8,0.7,3.7
9,Grayson Allen,SG,23,UTA,38,2,10.9,1.8,4.7,0.376,0.8,2.6,0.32299999999999995,0.9,2.1,0.44299999999999995,0.466,1.2,1.2,0.75,0.1,0.5,0.6,0.7,0.2,0.2,0.9,1.2,5.6
10,Jarrett Allen,C,20,BRK,80,80,26.2,4.2,7.1,0.59,0.1,0.6,0.133,4.1,6.5,0.629,0.595,2.5,2.5,0.7090000000000001,2.4,6.0,8.4,1.4,0.5,1.5,1.3,2.3,10.9
11,Kadeem Allen,SG,26,NYK,19,1,21.9,3.4,7.4,0.461,0.9,1.9,0.47200000000000003,2.5,5.5,0.457,0.521,2.2,2.2,0.778,0.4,2.3,2.7,4.0,0.8,0.2,1.4,2.4,9.9
12,Al-Farouq Aminu,PF,28,POR,81,81,28.3,3.2,7.3,0.433,1.2,3.5,0.34299999999999997,2.0,3.9,0.514,0.514,1.9,1.9,0.867,1.4,6.1,7.5,1.3,0.8,0.4,0.9,1.8,9.4
13,Justin Anderson,SF,25,ATL,48,4,9.6,1.3,3.3,0.408,0.5,1.6,0.312,0.8,1.7,0.5,0.484,0.5,0.5,0.743,0.5,1.3,1.8,0.5,0.5,0.3,0.5,1.0,3.7
14,Kyle Anderson,SF,25,MEM,43,40,29.8,3.5,6.4,0.5429999999999999,0.2,0.8,0.265,3.3,5.6,0.583,0.56,0.9,0.9,0.578,1.1,4.7,5.8,3.0,1.3,0.9,1.3,2.6,8.0
18,Ike Anigbogu,C,20,IND,3,0,2.0,0.0,1.0,0.0,0.0,0.0,0.0,0.0,1.0,0.0,0.0,0.0,0.0,0.0,0.3,0.7,1.0,0.3,0.0,0.3,0.3,0.0,0.0
19,Giannis Antetokounmpo,PF,24,MIL,72,72,32.8,10.0,17.3,0.578,0.7,2.8,0.256,9.3,14.5,0.6409999999999999,0.599,6.9,6.9,0.7290000000000001,2.2,10.3,12.5,5.9,1.3,1.5,3.7,3.2,27.7
20,Kostas Antetokounmpo,PF,21,DAL,2,0,5.5,0.0,1.5,0.0,0.0,0.0,0.0,0.0,1.5,0.0,0.0,1.0,1.0,0.5,0.0,0.5,0.5,0.0,1.0,0.0,0.5,0.0,1.0
21,Carmelo Anthony,PF,34,HOU,10,2,29.4,4.9,12.1,0.405,2.1,6.4,0.32799999999999996,2.8,5.7,0.491,0.49200000000000005,1.5,1.5,0.682,0.9,4.5,5.4,0.5,0.4,0.7,0.8,3.2,13.4
22,OG Anunoby,SF,21,TOR,67,6,20.2,2.7,6.0,0.45299999999999996,1.0,3.0,0.332,1.7,3.0,0.574,0.536,0.5,0.5,0.581,0.9,2.1,2.9,0.7,0.7,0.3,0.8,2.1,7.0
23,Ryan Arcidiacono,PG,24,CHI,81,32,24.2,2.3,5.2,0.447,1.0,2.7,0.373,1.3,2.5,0.527,0.544,1.1,1.1,0.873,0.3,2.4,2.7,3.3,0.8,0.0,0.8,2.1,6.7
27,D.J. Augustin,PG,31,ORL,81,81,28.0,3.9,8.4,0.47,1.6,3.8,0.42100000000000004,2.3,4.5,0.511,0.5660000000000001,2.2,2.2,0.866,0.5,2.0,2.5,5.3,0.6,0.0,1.6,1.4,11.7
28,Deandre Ayton,C,20,PHO,71,70,30.7,7.2,12.3,0.585,0.0,0.1,0.0,7.2,12.2,0.588,0.585,2.0,2.0,0.746,3.1,7.1,10.3,1.8,0.9,0.9,1.8,2.9,16.3
29,Dwayne Bacon,SG,23,CHO,43,13,17.7,2.8,6.0,0.475,0.9,2.0,0.43700000000000006,2.0,4.0,0.494,0.5489999999999999,0.8,0.8,0.7390000000000001,0.2,1.9,2.1,1.1,0.3,0.1,0.4,1.7,7.3
30,Marvin Bagley,PF,19,SAC,62,4,25.3,5.7,11.4,0.504,0.5,1.5,0.313,5.3,9.8,0.534,0.525,2.9,2.9,0.691,2.6,5.0,7.6,1.0,0.5,1.0,1.6,1.9,14.9
34,Wade Baldwin,PG,22,POR,16,0,5.9,0.6,2.1,0.303,0.1,0.6,0.222,0.5,1.5,0.33299999999999996,0.33299999999999996,0.5,0.5,0.727,0.1,0.8,0.9,0.8,0.1,0.1,0.9,0.7,1.9
35,Lonzo Ball,PG,21,LAL,47,45,30.3,3.9,9.7,0.406,1.6,4.9,0.32899999999999996,2.3,4.9,0.48200000000000004,0.488,0.4,0.4,0.41700000000000004,1.1,4.2,5.3,5.4,1.5,0.4,2.2,2.4,9.9
36,Mohamed Bamba,C,20,ORL,47,1,16.3,2.5,5.2,0.48100000000000004,0.4,1.5,0.3,2.0,3.7,0.555,0.525,0.8,0.8,0.5870000000000001,1.4,3.6,5.0,0.8,0.3,1.4,0.9,2.2,6.2
37,J.J. Barea,PG,34,DAL,38,0,19.8,4.2,10.1,0.418,1.0,3.4,0.297,3.2,6.8,0.479,0.46799999999999997,1.4,1.4,0.705,0.3,2.2,2.5,5.6,0.6,0.0,1.9,1.3,10.9
41,Will Barton,SG,28,DEN,43,38,27.7,4.3,10.7,0.402,1.6,4.6,0.342,2.7,6.1,0.447,0.475,1.3,1.3,0.77,0.7,3.9,4.6,2.9,0.4,0.5,1.5,1.9,11.5
42,Keita Bates-Diop,SF,23,MIN,30,3,16.8,2.0,4.7,0.423,0.4,1.7,0.25,1.6,3.0,0.522,0.46799999999999997,0.6,0.6,0.643,0.5,2.2,2.8,0.6,0.6,0.5,0.5,1.0,5.0
43,Nicolas Batum,SF,30,CHO,75,72,31.4,3.4,7.5,0.45,1.5,4.0,0.389,1.8,3.5,0.519,0.5529999999999999,1.0,1.0,0.865,0.9,4.3,5.2,3.3,0.9,0.6,1.6,1.9,9.3
44,Jerryd Bayless,PG,30,MIN,34,6,19.3,2.4,6.8,0.35700000000000004,0.9,2.9,0.29600000000000004,1.6,3.9,0.402,0.42,0.5,0.5,0.5710000000000001,0.3,1.5,1.8,3.5,0.5,0.1,0.9,1.6,6.1
45,Aron Baynes,C,32,BOS,51,18,16.1,2.1,4.4,0.47100000000000003,0.4,1.2,0.344,1.6,3.2,0.519,0.518,1.0,1.0,0.855,1.7,3.0,4.7,1.1,0.2,0.7,0.8,2.5,5.6
46,Kent Bazemore,SG,29,ATL,67,35,24.5,4.1,10.3,0.402,1.4,4.5,0.32,2.7,5.8,0.465,0.47200000000000003,1.9,1.9,0.726,0.6,3.3,3.9,2.3,1.3,0.6,1.8,2.5,11.6
47,Bradley Beal,SG,25,WAS,82,82,36.9,9.3,19.6,0.475,2.5,7.3,0.35100000000000003,6.8,12.4,0.5479999999999999,0.54,4.4,4.4,0.8079999999999999,1.1,3.9,5.0,5.5,1.5,0.7,2.7,2.8,25.6
48,Malik Beasley,SG,22,DEN,81,18,23.2,4.3,9.1,0.474,2.0,5.0,0.402,2.3,4.1,0.56,0.584,0.7,0.7,0.848,0.4,2.0,2.5,1.2,0.7,0.1,0.7,1.4,11.3
49,Michael Beasley,PF,30,LAL,26,2,10.7,2.9,5.9,0.49,0.1,0.7,0.17600000000000002,2.8,5.2,0.529,0.5,1.1,1.1,0.718,0.5,1.8,2.3,1.0,0.3,0.4,1.0,1.6,7.0
50,Marco Belinelli,SG,32,SAS,79,1,23.0,3.6,8.7,0.413,1.9,5.0,0.37200000000000005,1.7,3.7,0.46799999999999997,0.52,1.4,1.4,0.903,0.2,2.3,2.5,1.7,0.4,0.1,0.9,1.5,10.5
51,Jordan Bell,C,24,GSW,68,3,11.6,1.5,2.8,0.516,0.0,0.0,0.0,1.5,2.8,0.521,0.516,0.4,0.4,0.61,0.8,1.9,2.7,1.1,0.3,0.8,0.6,1.2,3.3
52,DeAndre' Bembry,SG,24,ATL,82,15,23.5,3.4,7.5,0.446,0.6,2.1,0.289,2.7,5.4,0.508,0.48700000000000004,1.1,1.1,0.64,0.7,3.7,4.4,2.5,1.3,0.5,1.7,2.3,8.4
53,Dragan Bender,PF,21,PHO,46,27,18.0,1.9,4.3,0.447,0.5,2.2,0.218,1.4,2.1,0.688,0.503,0.7,0.7,0.593,0.7,3.2,4.0,1.2,0.4,0.5,0.8,2.0,5.0
54,Dairis Bertāns,SG,29,NOP,12,0,13.9,1.0,3.9,0.255,0.8,2.8,0.294,0.2,1.1,0.154,0.36200000000000004,0.0,0.0,0.0,0.2,0.6,0.8,0.8,0.1,0.0,0.2,0.6,2.8
55,Dāvis Bertāns,PF,26,SAS,76,12,21.5,2.7,6.0,0.45,1.9,4.4,0.429,0.8,1.5,0.513,0.61,0.7,0.7,0.883,0.3,3.2,3.5,1.3,0.5,0.4,0.6,1.8,8.0
56,Patrick Beverley,PG,30,LAC,78,49,27.4,2.5,6.1,0.40700000000000003,1.4,3.6,0.397,1.1,2.5,0.42100000000000004,0.524,1.2,1.2,0.78,1.0,4.0,5.0,3.8,0.9,0.6,1.1,3.4,7.6
57,Khem Birch,C,26,ORL,50,1,12.9,1.8,3.0,0.603,0.0,0.0,0.0,1.8,3.0,0.607,0.603,1.2,1.2,0.6990000000000001,1.6,2.2,3.8,0.8,0.4,0.6,0.4,1.4,4.8
58,Bismack Biyombo,C,26,CHO,54,32,14.5,1.6,2.9,0.5710000000000001,0.0,0.0,0.0,1.6,2.9,0.5710000000000001,0.5710000000000001,1.1,1.1,0.637,1.5,3.1,4.6,0.6,0.2,0.8,0.6,1.9,4.4
59,Nemanja Bjelica,PF,30,SAC,77,70,23.2,3.7,7.7,0.479,1.3,3.3,0.401,2.4,4.4,0.539,0.5660000000000001,0.9,0.9,0.7609999999999999,1.6,4.1,5.8,1.9,0.7,0.7,1.1,2.6,9.6
60,Antonio Blakeney,SG,22,CHI,57,3,14.5,2.9,6.9,0.419,0.6,1.6,0.396,2.3,5.4,0.426,0.465,0.9,0.9,0.6579999999999999,0.1,1.7,1.9,0.7,0.2,0.2,0.6,0.7,7.3
61,Eric Bledsoe,PG,29,MIL,78,78,29.1,6.0,12.4,0.484,1.6,4.8,0.32899999999999996,4.4,7.6,0.5820000000000001,0.5479999999999999,2.3,2.3,0.75,1.1,3.6,4.6,5.5,1.5,0.4,2.1,2.0,15.9
62,Jaron Blossomgame,SF,25,CLE,27,4,16.3,1.7,3.9,0.44299999999999995,0.4,1.4,0.256,1.4,2.5,0.552,0.491,0.4,0.4,0.769,1.0,2.7,3.6,0.5,0.3,0.3,0.4,0.7,4.2
63,Bogdan Bogdanović,SG,26,SAC,70,17,27.8,5.2,12.3,0.418,1.9,5.3,0.36,3.2,7.0,0.462,0.496,1.9,1.9,0.8270000000000001,0.6,2.9,3.5,3.8,1.0,0.2,1.7,2.0,14.1
64,Bojan Bogdanović,SF,29,IND,81,81,31.8,6.4,13.0,0.49700000000000005,2.0,4.8,0.425,4.4,8.2,0.5379999999999999,0.575,3.0,3.0,0.807,0.4,3.7,4.1,2.0,0.9,0.0,1.7,1.7,18.0
65,Andrew Bogut,C,34,GSW,11,5,12.2,1.6,3.3,0.5,0.0,0.0,0.0,1.6,3.3,0.5,0.5,0.3,0.3,1.0,1.1,3.9,5.0,1.0,0.3,0.7,0.7,2.0,3.5
66,Jonah Bolden,PF,23,PHI,44,10,14.5,1.8,3.7,0.494,0.8,2.2,0.354,1.0,1.5,0.6970000000000001,0.599,0.3,0.3,0.48100000000000004,1.1,2.7,3.8,0.9,0.4,0.9,0.8,2.3,4.7
67,Isaac Bonga,PG,19,LAL,22,0,5.5,0.2,1.5,0.152,0.0,0.4,0.0,0.2,1.1,0.2,0.152,0.4,0.4,0.6,0.4,0.7,1.1,0.7,0.4,0.2,0.3,0.4,0.9
68,Devin Booker,SG,22,PHO,64,64,35.0,9.2,19.6,0.467,2.1,6.5,0.326,7.0,13.1,0.536,0.521,6.1,6.1,0.866,0.6,3.5,4.1,6.8,0.9,0.2,4.1,3.1,26.6
69,Chris Boucher,PF,26,TOR,28,0,5.8,1.2,2.7,0.447,0.4,1.3,0.324,0.8,1.4,0.564,0.526,0.5,0.5,0.867,0.6,1.4,2.0,0.1,0.2,0.9,0.3,1.1,3.3
73,Tony Bradley,C,21,UTA,3,0,12.0,2.7,5.3,0.5,0.0,0.0,0.0,2.7,5.3,0.5,0.5,0.3,0.3,0.5,3.0,2.0,5.0,0.3,0.7,0.7,1.0,2.0,5.7
77,Mikal Bridges,SF,22,PHO,82,56,29.5,3.0,6.9,0.43,1.3,3.8,0.335,1.7,3.0,0.5479999999999999,0.523,1.2,1.2,0.805,0.7,2.5,3.2,2.1,1.6,0.5,0.9,2.5,8.3
78,Miles Bridges,SF,20,CHO,80,25,21.2,3.0,6.4,0.46399999999999997,0.8,2.5,0.325,2.2,3.9,0.5529999999999999,0.527,0.7,0.7,0.753,0.8,3.2,4.0,1.2,0.7,0.6,0.6,1.4,7.5
79,Isaiah Briscoe,PG,22,ORL,39,0,14.3,1.4,3.5,0.39899999999999997,0.3,0.9,0.324,1.1,2.7,0.423,0.43799999999999994,0.4,0.4,0.5770000000000001,0.1,1.8,1.9,2.2,0.3,0.1,0.8,1.7,3.5
80,Ryan Broekhoff,SG,28,DAL,42,0,10.8,1.4,3.0,0.452,0.9,2.2,0.409,0.5,0.8,0.5760000000000001,0.603,0.4,0.4,0.789,0.2,1.3,1.5,0.5,0.1,0.1,0.4,0.8,4.0
81,Malcolm Brogdon,SG,26,MIL,64,64,28.6,5.9,11.7,0.505,1.6,3.8,0.426,4.3,7.9,0.544,0.575,2.2,2.2,0.9279999999999999,1.0,3.5,4.5,3.2,0.7,0.2,1.4,1.6,15.6
82,Dillon Brooks,SF,23,MEM,18,0,18.3,2.7,6.8,0.402,0.8,2.2,0.375,1.9,4.6,0.415,0.46299999999999997,1.2,1.2,0.733,0.5,1.2,1.7,0.9,0.6,0.2,1.1,2.8,7.5
83,MarShon Brooks,SG,30,MEM,29,0,13.3,2.6,5.8,0.45,0.5,1.9,0.278,2.1,4.0,0.53,0.494,0.8,0.8,0.6970000000000001,0.4,1.1,1.6,0.9,0.3,0.1,0.7,1.1,6.6
84,Bruce Brown,SG,22,DET,74,56,19.6,1.7,4.2,0.39799999999999996,0.3,1.3,0.258,1.4,3.0,0.457,0.436,0.6,0.6,0.75,0.6,1.9,2.5,1.2,0.5,0.5,0.6,2.4,4.3
85,Jaylen Brown,SG,22,BOS,74,25,25.9,5.0,10.7,0.465,1.3,3.7,0.344,3.7,7.0,0.529,0.525,1.8,1.8,0.6579999999999999,0.9,3.4,4.2,1.4,0.9,0.4,1.3,2.5,13.0
86,Lorenzo Brown,PG,28,TOR,26,0,8.2,0.9,2.7,0.324,0.2,1.1,0.214,0.7,1.7,0.395,0.366,0.1,0.1,1.0,0.2,1.0,1.2,1.1,0.5,0.2,0.6,0.8,2.1
87,Sterling Brown,SG,23,MIL,58,7,17.8,2.5,5.4,0.465,0.9,2.5,0.361,1.6,2.8,0.5579999999999999,0.55,0.5,0.5,0.69,0.5,2.7,3.2,1.4,0.4,0.1,0.8,1.5,6.4
88,Troy Brown,SF,19,WAS,52,10,14.0,1.9,4.5,0.415,0.4,1.3,0.319,1.4,3.2,0.455,0.462,0.6,0.6,0.6809999999999999,0.7,2.1,2.8,1.5,0.4,0.1,0.6,1.1,4.8
89,Jalen Brunson,PG,22,DAL,73,38,21.8,3.6,7.7,0.467,0.9,2.5,0.348,2.8,5.3,0.523,0.523,1.2,1.2,0.725,0.3,2.0,2.3,3.2,0.5,0.1,1.2,1.7,9.3
90,Thomas Bryant,C,21,WAS,72,53,20.8,4.3,7.0,0.616,0.5,1.4,0.33299999999999996,3.8,5.6,0.685,0.648,1.5,1.5,0.7809999999999999,1.6,4.7,6.3,1.3,0.3,0.9,0.8,1.8,10.5
101,Deonte Burton,SG,25,OKC,32,0,7.5,1.0,2.6,0.402,0.3,0.8,0.29600000000000004,0.8,1.7,0.455,0.451,0.3,0.3,0.667,0.1,0.8,0.9,0.3,0.2,0.3,0.3,1.0,2.6
105,Bruno Caboclo,SF,23,MEM,34,19,23.5,2.8,6.6,0.42700000000000005,1.4,3.8,0.369,1.4,2.8,0.505,0.5329999999999999,1.2,1.2,0.84,1.2,3.4,4.6,1.5,0.4,1.0,1.1,2.4,8.3
106,José Calderón,PG,37,DET,49,0,12.9,0.9,2.4,0.375,0.3,1.2,0.24600000000000002,0.6,1.3,0.49200000000000005,0.433,0.2,0.2,0.818,0.2,1.0,1.2,2.3,0.3,0.1,0.7,1.3,2.3
107,Kentavious Caldwell-Pope,SG,25,LAL,82,23,24.8,4.0,9.2,0.43,1.8,5.3,0.34700000000000003,2.1,3.9,0.542,0.53,1.7,1.7,0.867,0.6,2.3,2.9,1.3,0.9,0.2,0.8,1.7,11.4
112,Clint Capela,C,24,HOU,67,67,33.6,7.1,10.9,0.648,0.0,0.0,0.0,7.1,10.9,0.648,0.648,2.5,2.5,0.636,4.4,8.2,12.7,1.4,0.7,1.5,1.4,2.5,16.6
113,DeMarre Carroll,PF,32,BRK,67,8,25.4,3.4,8.6,0.395,1.6,4.6,0.342,1.8,4.0,0.457,0.48700000000000004,2.7,2.7,0.76,1.0,4.2,5.2,1.3,0.5,0.1,1.1,1.7,11.1
114,Jevon Carter,PG,23,MEM,39,3,14.8,1.4,4.7,0.303,0.9,2.6,0.33299999999999996,0.6,2.1,0.265,0.395,0.7,0.7,0.813,0.4,1.3,1.7,1.8,0.7,0.3,0.8,1.4,4.4
115,Vince Carter,SF,42,ATL,76,9,17.5,2.6,6.2,0.419,1.6,4.2,0.389,1.0,2.0,0.48,0.55,0.6,0.6,0.7120000000000001,0.4,2.1,2.6,1.1,0.6,0.4,0.6,1.9,7.4
116,Wendell Carter,C,19,CHI,44,44,25.2,4.1,8.4,0.485,0.1,0.7,0.188,4.0,7.7,0.513,0.493,2.0,2.0,0.795,2.0,5.0,7.0,1.8,0.6,1.3,1.5,3.5,10.3
120,Alex Caruso,PG,24,LAL,25,4,21.2,3.1,6.9,0.445,1.0,2.0,0.48,2.1,4.9,0.431,0.514,2.0,2.0,0.797,0.8,1.9,2.7,3.1,1.0,0.4,1.7,2.2,9.2
121,Omri Casspi,SF,30,MEM,36,0,14.4,2.4,4.5,0.534,0.4,1.2,0.349,2.0,3.3,0.602,0.581,1.1,1.1,0.672,0.5,2.7,3.2,0.7,0.6,0.3,0.6,1.0,6.3
122,Willie Cauley-Stein,C,25,SAC,81,81,27.3,5.1,9.1,0.556,0.0,0.0,0.5,5.1,9.1,0.556,0.557,1.7,1.7,0.551,2.2,6.1,8.4,2.4,1.2,0.6,1.0,2.8,11.9
123,Troy Caupain,PG,23,ORL,4,0,4.0,1.0,2.0,0.5,0.5,0.8,0.667,0.5,1.3,0.4,0.625,0.0,0.0,0.0,0.3,0.5,0.8,1.0,0.3,0.0,0.0,0.0,2.5
124,Tyler Cavanaugh,PF,24,UTA,11,0,3.5,0.3,0.9,0.3,0.1,0.5,0.2,0.2,0.5,0.4,0.35,0.2,0.2,1.0,0.3,0.5,0.7,0.1,0.0,0.0,0.1,0.3,0.8
131,Joe Chealey,PG,23,CHO,1,0,8.0,1.0,3.0,0.33299999999999996,0.0,0.0,0.0,1.0,3.0,0.33299999999999996,0.33299999999999996,0.0,0.0,0.0,0.0,0.0,0.0,1.0,0.0,0.0,0.0,1.0,2.0
132,Chris Chiozza,PG,23,HOU,7,0,4.7,0.3,1.1,0.25,0.3,0.7,0.4,0.0,0.4,0.0,0.375,0.0,0.0,0.0,0.1,0.4,0.6,0.6,0.1,0.1,0.1,0.3,0.9
136,Gary Clark,PF,24,HOU,51,2,12.6,1.0,3.0,0.331,0.8,2.7,0.297,0.2,0.3,0.6920000000000001,0.467,0.1,0.1,1.0,0.5,1.8,2.3,0.4,0.4,0.5,0.1,0.9,2.9
137,Ian Clark,SG,27,NOP,60,6,16.2,2.5,6.4,0.39399999999999996,1.1,3.4,0.327,1.4,3.0,0.47,0.48,0.6,0.6,0.892,0.2,1.3,1.5,1.6,0.4,0.1,1.0,1.6,6.7
138,Jordan Clarkson,SG,26,CLE,81,0,27.3,6.5,14.6,0.44799999999999995,1.8,5.5,0.324,4.8,9.1,0.524,0.509,2.0,2.0,0.8440000000000001,1.0,2.3,3.3,2.4,0.7,0.2,1.7,1.4,16.8
139,John Collins,PF,21,ATL,61,59,30.0,7.6,13.6,0.56,0.9,2.6,0.348,6.7,11.0,0.609,0.593,3.3,3.3,0.763,3.6,6.2,9.8,2.0,0.4,0.6,2.0,3.3,19.5
140,Zach Collins,C,21,POR,77,0,17.6,2.5,5.2,0.473,0.5,1.6,0.331,1.9,3.6,0.534,0.523,1.2,1.2,0.746,1.4,2.8,4.2,0.9,0.3,0.9,1.0,2.3,6.6
141,Darren Collison,PG,31,IND,76,76,28.2,4.1,8.7,0.467,1.0,2.6,0.40700000000000003,3.0,6.1,0.49200000000000005,0.527,2.1,2.1,0.8320000000000001,0.5,2.6,3.1,6.0,1.4,0.1,1.6,1.8,11.2
142,Bonzie Colson,SF,23,MIL,8,2,12.3,1.6,4.9,0.33299999999999996,0.6,2.6,0.23800000000000002,1.0,2.3,0.444,0.397,1.0,1.0,0.889,1.0,2.8,3.8,0.4,0.6,0.1,0.4,0.4,4.9
143,Mike Conley,PG,31,MEM,70,70,33.5,7.0,16.0,0.43799999999999994,2.2,6.1,0.364,4.8,9.9,0.483,0.507,4.9,4.9,0.845,0.6,2.8,3.4,6.4,1.3,0.3,1.9,1.8,21.1
144,Pat Connaughton,SG,26,MIL,61,2,20.7,2.7,5.7,0.466,1.1,3.3,0.33,1.6,2.5,0.647,0.56,0.5,0.5,0.725,1.0,3.2,4.2,2.0,0.5,0.4,0.5,1.3,6.9
145,Quinn Cook,PG,25,GSW,74,10,14.3,2.8,5.9,0.465,1.1,2.7,0.405,1.7,3.2,0.515,0.557,0.3,0.3,0.769,0.3,1.8,2.1,1.6,0.3,0.0,0.7,1.2,6.9
146,DeMarcus Cousins,C,28,GSW,30,30,25.7,5.9,12.4,0.48,0.9,3.2,0.27399999999999997,5.1,9.2,0.551,0.515,3.5,3.5,0.736,1.4,6.8,8.2,3.6,1.3,1.5,2.4,3.6,16.3
150,Allen Crabbe,SG,26,BRK,43,20,26.3,3.2,8.7,0.36700000000000005,2.3,6.0,0.37799999999999995,0.9,2.7,0.342,0.499,1.0,1.0,0.732,0.4,3.1,3.4,1.1,0.5,0.3,1.1,2.4,9.6
151,Torrey Craig,SF,28,DEN,75,37,20.0,2.1,4.8,0.442,0.8,2.5,0.324,1.3,2.3,0.569,0.526,0.7,0.7,0.7,1.2,2.3,3.5,1.0,0.5,0.6,0.6,2.3,5.7
152,Jamal Crawford,SG,38,PHO,64,0,18.9,2.7,6.8,0.397,1.0,3.2,0.332,1.7,3.7,0.45299999999999996,0.474,1.5,1.5,0.845,0.1,1.2,1.3,3.6,0.5,0.2,1.5,1.2,7.9
156,Jae Crowder,SF,28,UTA,80,11,27.1,4.0,10.0,0.39899999999999997,2.2,6.5,0.331,1.8,3.4,0.527,0.508,1.8,1.8,0.721,0.8,4.1,4.8,1.7,0.8,0.4,1.1,2.1,11.9
157,Dante Cunningham,PF,31,SAS,64,21,14.5,1.2,2.5,0.475,0.5,1.0,0.462,0.7,1.5,0.484,0.57,0.2,0.2,0.778,0.8,2.2,2.9,0.8,0.4,0.2,0.3,1.1,3.0
158,Seth Curry,SG,28,POR,74,2,18.9,2.9,6.3,0.456,1.5,3.4,0.45,1.3,2.9,0.46299999999999997,0.5770000000000001,0.6,0.6,0.846,0.4,1.3,1.6,0.9,0.5,0.2,0.8,1.3,7.9
159,Stephen Curry,PG,30,GSW,69,69,33.8,9.2,19.4,0.47200000000000003,5.1,11.7,0.43700000000000006,4.0,7.7,0.525,0.604,3.8,3.8,0.9159999999999999,0.7,4.7,5.3,5.2,1.3,0.4,2.8,2.4,27.3
160,Troy Daniels,SG,27,PHO,51,1,14.9,2.2,5.4,0.41100000000000003,1.5,3.8,0.381,0.8,1.6,0.48100000000000004,0.545,0.4,0.4,0.7829999999999999,0.3,1.2,1.4,0.5,0.5,0.1,0.5,1.5,6.2
161,Anthony Davis,C,25,NOP,56,56,33.0,9.5,18.3,0.517,0.9,2.6,0.331,8.6,15.7,0.547,0.54,6.1,6.1,0.794,3.1,8.9,12.0,3.9,1.6,2.4,2.0,2.4,25.9
162,Deyonta Davis,C,22,ATL,9,0,13.1,1.7,2.4,0.682,0.0,0.1,0.0,1.7,2.3,0.7140000000000001,0.682,0.7,0.7,0.6,1.1,2.9,4.0,0.6,0.3,0.6,0.3,1.3,4.0
163,Ed Davis,C,29,BRK,81,1,17.9,2.3,3.7,0.616,0.0,0.0,0.0,2.3,3.7,0.62,0.616,1.2,1.2,0.617,2.7,5.9,8.6,0.8,0.4,0.4,0.8,2.8,5.8
164,Tyler Davis,C,21,OKC,1,0,1.0,0.0,1.0,0.0,0.0,0.0,0.0,0.0,1.0,0.0,0.0,0.0,0.0,0.0,1.0,0.0,1.0,0.0,0.0,0.0,0.0,0.0,0.0
165,Dewayne Dedmon,C,29,ATL,64,52,25.1,4.0,8.2,0.49200000000000005,1.3,3.4,0.382,2.8,4.8,0.57,0.5710000000000001,1.4,1.4,0.8140000000000001,1.6,5.9,7.5,1.4,1.1,1.1,1.3,3.3,10.8
169,Ángel Delgado,C,24,LAC,2,0,7.5,0.5,2.5,0.2,0.0,0.0,0.0,0.5,2.5,0.2,0.2,0.5,0.5,0.5,1.0,1.0,2.0,0.0,0.5,0.0,0.0,1.0,1.5
173,Luol Deng,SF,33,MIN,22,2,17.8,2.7,5.4,0.5,0.6,2.0,0.318,2.0,3.4,0.608,0.5589999999999999,1.1,1.1,0.7140000000000001,0.9,2.4,3.3,0.8,0.7,0.4,0.6,1.1,7.1
174,DeMar DeRozan,SG,29,SAS,77,77,34.9,8.2,17.1,0.48100000000000004,0.1,0.6,0.156,8.1,16.5,0.49200000000000005,0.483,4.8,4.8,0.83,0.7,5.3,6.0,6.2,1.1,0.5,2.6,2.3,21.2
175,Marcus Derrickson,PF,22,GSW,11,0,6.1,1.5,3.0,0.485,0.9,1.8,0.5,0.5,1.2,0.462,0.636,0.4,0.4,0.8,0.7,0.5,1.2,0.1,0.0,0.1,0.3,0.8,4.2
176,Cheick Diallo,PF,22,NOP,64,1,14.0,2.6,4.2,0.62,0.0,0.1,0.25,2.6,4.2,0.625,0.622,0.8,0.8,0.746,1.2,4.0,5.2,0.5,0.5,0.5,0.8,1.8,6.0
177,Hamidou Diallo,SG,20,OKC,51,3,10.3,1.5,3.2,0.455,0.1,0.5,0.16699999999999998,1.4,2.8,0.504,0.467,0.7,0.7,0.61,0.7,1.2,1.9,0.3,0.4,0.2,0.5,1.5,3.7
178,Gorgui Dieng,C,29,MIN,76,2,13.6,2.5,5.0,0.501,0.3,0.7,0.33899999999999997,2.2,4.2,0.53,0.527,1.2,1.2,0.83,1.1,3.0,4.1,0.9,0.6,0.5,0.8,1.8,6.4
179,Spencer Dinwiddie,PG,25,BRK,68,4,28.1,5.4,12.2,0.442,1.8,5.4,0.335,3.6,6.7,0.528,0.517,4.2,4.2,0.8059999999999999,0.4,2.1,2.4,4.6,0.6,0.3,2.2,2.8,16.8
180,Donte DiVincenzo,SG,22,MIL,27,0,15.2,1.9,4.6,0.40299999999999997,0.8,3.1,0.265,1.0,1.5,0.6829999999999999,0.49200000000000005,0.3,0.3,0.75,0.6,1.8,2.4,1.1,0.5,0.2,0.7,1.4,4.9
181,Luka Dončić,SG,19,DAL,72,72,32.2,7.0,16.5,0.42700000000000005,2.3,7.1,0.327,4.7,9.3,0.503,0.49700000000000005,4.8,4.8,0.713,1.2,6.6,7.8,6.0,1.1,0.3,3.4,1.9,21.2
185,Damyean Dotson,SG,24,NYK,73,40,27.5,4.0,9.6,0.415,1.7,4.7,0.368,2.2,4.9,0.461,0.506,1.0,1.0,0.745,0.5,3.1,3.6,1.8,0.8,0.1,1.0,1.8,10.7
186,PJ Dozier,SG,22,BOS,6,0,8.5,1.3,3.5,0.381,0.3,1.3,0.25,1.0,2.2,0.462,0.429,0.2,0.2,0.5,1.0,1.8,2.8,0.8,0.3,0.0,0.0,0.3,3.2
187,Goran Dragić,PG,32,MIA,36,22,27.5,5.0,12.0,0.413,1.6,4.6,0.348,3.4,7.5,0.45399999999999996,0.479,2.2,2.2,0.782,0.6,2.5,3.1,4.8,0.8,0.1,2.0,2.3,13.7
188,Andre Drummond,C,25,DET,79,79,33.5,7.1,13.3,0.5329999999999999,0.1,0.5,0.132,7.0,12.8,0.5479999999999999,0.536,3.1,3.1,0.59,5.4,10.2,15.6,1.4,1.7,1.7,2.2,3.4,17.3
189,Jared Dudley,PF,33,BRK,59,25,20.7,1.7,4.1,0.423,0.9,2.6,0.35100000000000003,0.8,1.5,0.545,0.5329999999999999,0.5,0.5,0.696,0.6,2.1,2.6,1.4,0.6,0.3,0.7,2.2,4.9
190,Kris Dunn,PG,24,CHI,46,44,30.2,4.7,11.0,0.425,0.7,2.1,0.354,3.9,8.9,0.441,0.45799999999999996,1.2,1.2,0.797,0.4,3.7,4.1,6.0,1.5,0.5,2.3,3.6,11.3
191,Kevin Durant,SF,30,GSW,78,78,34.6,9.2,17.7,0.521,1.8,5.0,0.353,7.5,12.8,0.5870000000000001,0.5710000000000001,5.7,5.7,0.885,0.4,5.9,6.4,5.9,0.7,1.1,2.9,2.0,26.0
192,Trevon Duval,PG,20,MIL,3,0,2.0,0.7,1.0,0.667,0.3,0.3,1.0,0.3,0.7,0.5,0.833,0.0,0.0,0.0,0.0,0.3,0.3,0.7,0.0,0.0,0.0,0.0,1.7
193,Vince Edwards,SF,22,HOU,2,0,8.0,0.5,2.0,0.25,0.5,2.0,0.25,0.0,0.0,0.0,0.375,0.0,0.0,0.0,0.5,0.5,1.0,0.0,0.0,0.0,0.0,0.0,1.5
200,Joel Embiid,C,24,PHI,64,64,33.7,9.1,18.7,0.484,1.2,4.1,0.3,7.8,14.6,0.535,0.517,8.2,8.2,0.804,2.5,11.1,13.6,3.7,0.7,1.9,3.5,3.3,27.5
204,Drew Eubanks,PF,21,SAS,23,0,4.9,0.7,1.1,0.5770000000000001,0.0,0.0,0.0,0.7,1.1,0.5770000000000001,0.5770000000000001,0.5,0.5,0.846,0.3,1.2,1.5,0.3,0.1,0.2,0.3,0.5,1.8
205,Jacob Evans,SG,21,GSW,30,1,6.8,0.6,1.8,0.34,0.1,0.5,0.267,0.5,1.3,0.368,0.377,0.0,0.0,0.0,0.2,0.6,0.8,0.8,0.2,0.1,0.4,0.9,1.3
209,Tyreke Evans,SG,29,IND,69,18,20.3,3.7,9.6,0.389,1.1,3.1,0.35600000000000004,2.6,6.4,0.405,0.44799999999999995,1.7,1.7,0.7190000000000001,0.5,2.4,2.9,2.4,0.8,0.3,1.7,1.7,10.2
210,Dante Exum,PG,23,UTA,42,1,15.8,2.4,5.7,0.419,0.4,1.5,0.29,2.0,4.3,0.46399999999999997,0.456,1.6,1.6,0.7909999999999999,0.4,1.2,1.6,2.6,0.3,0.1,1.2,1.6,6.9
214,Derrick Favors,C,27,UTA,76,70,23.2,4.8,8.1,0.586,0.2,1.0,0.218,4.6,7.1,0.64,0.6,2.0,2.0,0.675,2.7,4.6,7.4,1.2,0.7,1.4,1.1,2.1,11.8
215,Cristiano Felício,C,26,CHI,60,0,12.4,1.6,3.0,0.531,0.0,0.1,0.0,1.6,2.9,0.5429999999999999,0.531,0.8,0.8,0.685,1.3,2.3,3.6,0.6,0.2,0.1,0.6,1.2,4.0
216,Raymond Felton,PG,34,OKC,33,0,11.5,1.7,4.1,0.40700000000000003,0.6,1.8,0.32799999999999996,1.1,2.2,0.473,0.48100000000000004,0.4,0.4,0.9229999999999999,0.1,0.9,1.0,1.6,0.3,0.2,0.4,0.9,4.3
217,Terrance Ferguson,SG,20,OKC,74,74,26.1,2.5,5.8,0.429,1.4,3.9,0.366,1.1,1.9,0.56,0.552,0.5,0.5,0.725,0.4,1.5,1.9,1.0,0.5,0.2,0.6,3.1,6.9
218,Yogi Ferrell,PG,25,SAC,71,3,15.0,2.2,5.0,0.435,0.8,2.1,0.36200000000000004,1.4,2.9,0.488,0.511,0.8,0.8,0.8959999999999999,0.2,1.4,1.5,1.9,0.5,0.1,0.6,0.9,5.9
219,Dorian Finney-Smith,SF,25,DAL,81,26,24.5,2.8,6.5,0.43200000000000005,1.0,3.1,0.311,1.8,3.4,0.544,0.507,0.9,0.9,0.7090000000000001,1.7,3.1,4.8,1.2,0.9,0.4,0.9,2.3,7.5
220,Bryn Forbes,SG,25,SAS,82,81,28.0,4.4,9.6,0.456,2.1,5.0,0.426,2.3,4.6,0.489,0.568,0.8,0.8,0.885,0.2,2.7,2.9,2.1,0.5,0.0,1.0,1.9,11.8
221,Evan Fournier,SG,26,ORL,81,81,31.5,5.8,13.2,0.43799999999999994,1.9,5.6,0.34,3.9,7.6,0.509,0.509,1.7,1.7,0.8059999999999999,0.5,2.7,3.2,3.6,0.9,0.1,1.9,2.8,15.1
222,De'Aaron Fox,PG,21,SAC,81,81,31.4,6.2,13.6,0.45799999999999996,1.1,2.9,0.371,5.2,10.7,0.48200000000000004,0.49700000000000005,3.7,3.7,0.727,0.5,3.2,3.8,7.3,1.6,0.6,2.8,2.5,17.3
223,Melvin Frazier,SG,22,ORL,10,0,4.4,0.7,2.1,0.33299999999999996,0.0,0.6,0.0,0.7,1.5,0.467,0.33299999999999996,0.1,0.1,0.25,0.3,0.2,0.5,0.1,0.1,0.0,0.1,0.6,1.5
227,Jimmer Fredette,SG,29,PHO,6,0,10.8,1.3,4.8,0.276,0.0,2.2,0.0,1.3,2.7,0.5,0.276,1.0,1.0,1.0,0.2,1.0,1.2,1.3,0.5,0.0,0.8,0.8,3.7
228,Channing Frye,C,35,CLE,36,6,9.5,1.2,3.3,0.368,0.9,2.2,0.405,0.3,1.1,0.289,0.504,0.3,0.3,0.7859999999999999,0.1,1.3,1.4,0.6,0.2,0.1,0.4,1.2,3.6
229,Markelle Fultz,SG,20,PHI,19,15,22.5,3.4,8.2,0.419,0.2,0.7,0.28600000000000003,3.2,7.4,0.433,0.43200000000000005,1.1,1.1,0.568,1.4,2.3,3.7,3.1,0.9,0.3,1.3,2.7,8.2
230,Danilo Gallinari,SF,30,LAC,68,68,30.3,6.0,13.0,0.46299999999999997,2.4,5.5,0.433,3.6,7.5,0.484,0.5539999999999999,5.4,5.4,0.904,0.8,5.3,6.1,2.6,0.7,0.3,1.5,1.9,19.8
231,Langston Galloway,SG,27,DET,80,4,21.8,2.9,7.3,0.38799999999999996,1.7,4.8,0.355,1.2,2.6,0.449,0.503,1.0,1.0,0.8440000000000001,0.6,1.5,2.1,1.1,0.5,0.1,0.3,1.7,8.4
232,Billy Garrett,SG,24,NYK,4,0,15.8,2.8,6.8,0.40700000000000003,0.0,2.0,0.0,2.8,4.8,0.579,0.40700000000000003,1.0,1.0,1.0,0.0,0.8,0.8,1.8,0.3,0.3,0.5,0.8,6.5
239,Rudy Gay,PF,32,SAS,69,51,26.7,5.4,10.8,0.504,1.1,2.7,0.402,4.4,8.1,0.537,0.5539999999999999,1.7,1.7,0.816,0.9,5.9,6.8,2.6,0.8,0.5,1.7,2.3,13.7
240,Paul George,SF,28,OKC,77,77,36.9,9.2,21.0,0.43799999999999994,3.8,9.8,0.386,5.4,11.1,0.484,0.529,5.9,5.9,0.8390000000000001,1.4,6.8,8.2,4.1,2.2,0.4,2.7,2.8,28.0
241,Taj Gibson,PF,33,MIN,70,57,24.1,4.3,7.7,0.5660000000000001,0.2,0.5,0.324,4.2,7.2,0.583,0.5760000000000001,1.9,1.9,0.757,2.5,4.1,6.5,1.2,0.8,0.6,1.0,2.7,10.8
242,Harry Giles,PF,20,SAC,58,0,14.1,3.0,6.0,0.503,0.0,0.1,0.0,3.0,5.9,0.512,0.503,1.0,1.0,0.637,1.1,2.7,3.8,1.5,0.5,0.4,1.3,2.6,7.0
243,Shai Gilgeous-Alexander,PG,20,LAC,82,73,26.5,4.2,8.7,0.47600000000000003,0.6,1.7,0.36700000000000005,3.5,7.0,0.503,0.512,1.9,1.9,0.8,0.7,2.1,2.8,3.3,1.2,0.5,1.7,2.1,10.8
244,Rudy Gobert,C,26,UTA,81,80,31.8,5.9,8.8,0.669,0.0,0.0,0.0,5.9,8.8,0.669,0.669,4.1,4.1,0.636,3.8,9.0,12.9,2.0,0.8,2.3,1.6,2.9,15.9
245,Brandon Goodwin,PG,23,DEN,16,0,3.6,0.4,1.4,0.261,0.1,0.4,0.33299999999999996,0.3,1.1,0.235,0.304,0.6,0.6,0.818,0.1,0.1,0.2,0.9,0.0,0.0,0.2,0.4,1.4
246,Aaron Gordon,PF,23,ORL,78,78,33.8,6.0,13.4,0.449,1.6,4.4,0.349,4.5,9.0,0.499,0.507,2.4,2.4,0.731,1.7,5.7,7.4,3.7,0.7,0.7,2.1,2.2,16.0
247,Eric Gordon,SG,30,HOU,68,53,31.7,5.6,13.8,0.409,3.2,8.8,0.36,2.5,5.0,0.49700000000000005,0.525,1.8,1.8,0.7829999999999999,0.3,1.9,2.2,1.9,0.6,0.4,1.3,2.1,16.2
248,Marcin Gortat,C,34,LAC,47,43,16.0,2.1,4.0,0.532,0.0,0.0,0.0,2.1,4.0,0.532,0.532,0.7,0.7,0.7290000000000001,1.4,4.1,5.6,1.4,0.1,0.5,1.1,2.0,5.0
249,Devonte' Graham,PG,23,CHO,46,3,14.7,1.6,4.7,0.34299999999999997,0.7,2.6,0.281,0.9,2.1,0.42100000000000004,0.42100000000000004,0.8,0.8,0.7609999999999999,0.2,1.2,1.4,2.6,0.5,0.0,0.7,1.0,4.7
250,Treveon Graham,SG,25,BRK,35,21,20.4,1.8,5.5,0.335,1.1,3.7,0.297,0.7,1.8,0.413,0.435,0.5,0.5,0.818,0.7,2.4,3.1,1.0,0.4,0.2,0.5,1.9,5.3
251,Jerami Grant,PF,24,OKC,80,77,32.7,5.1,10.3,0.49700000000000005,1.4,3.7,0.392,3.7,6.6,0.555,0.5670000000000001,2.0,2.0,0.71,1.2,4.0,5.2,1.0,0.8,1.3,0.8,2.7,13.6
252,Jerian Grant,PG,26,ORL,60,1,15.7,1.5,3.7,0.418,0.7,1.8,0.364,0.9,1.8,0.473,0.509,0.4,0.4,0.65,0.3,1.3,1.6,2.6,0.7,0.1,0.9,1.3,4.2
253,Donte Grantham,SF,23,OKC,3,0,0.7,0.0,0.7,0.0,0.0,0.7,0.0,0.0,0.0,0.0,0.0,0.0,0.0,0.0,0.0,0.0,0.0,0.0,0.0,0.0,0.0,0.0,0.0
254,Danny Green,SG,31,TOR,80,80,27.7,3.7,7.9,0.465,2.5,5.4,0.455,1.2,2.4,0.48700000000000004,0.622,0.5,0.5,0.841,0.8,3.2,4.0,1.6,0.9,0.7,0.9,2.1,10.3
255,Draymond Green,PF,28,GSW,66,66,31.3,2.8,6.4,0.445,0.7,2.5,0.285,2.1,3.9,0.5489999999999999,0.501,1.0,1.0,0.6920000000000001,0.9,6.4,7.3,6.9,1.4,1.1,2.6,3.0,7.4
256,Gerald Green,SG,33,HOU,73,0,20.2,3.2,7.9,0.4,2.1,6.0,0.354,1.0,1.9,0.547,0.535,0.8,0.8,0.838,0.4,2.1,2.5,0.5,0.5,0.4,0.8,1.7,9.2
260,Jeff Green,PF,32,WAS,77,44,27.2,4.2,8.9,0.475,1.4,4.2,0.34700000000000003,2.8,4.8,0.586,0.555,2.4,2.4,0.888,0.7,3.3,4.0,1.8,0.6,0.5,1.3,2.1,12.3
261,Blake Griffin,PF,29,DET,75,75,35.0,8.3,17.9,0.462,2.5,7.0,0.36200000000000004,5.7,10.9,0.525,0.532,5.5,5.5,0.753,1.3,6.2,7.5,5.4,0.7,0.4,3.4,2.7,24.5
262,Daniel Hamilton,SG,23,ATL,19,3,10.7,1.2,3.2,0.38299999999999995,0.4,1.2,0.348,0.8,1.9,0.405,0.45,0.2,0.2,0.5,0.5,1.9,2.5,1.2,0.3,0.1,0.8,1.0,3.0
263,Dusty Hannahs,SG,25,MEM,2,0,13.0,1.5,6.0,0.25,0.0,2.5,0.0,1.5,3.5,0.429,0.25,1.0,1.0,1.0,0.0,0.5,0.5,2.5,0.5,0.0,0.5,0.5,4.0
267,James Harden,PG,29,HOU,78,78,36.8,10.8,24.5,0.442,4.8,13.2,0.368,6.0,11.3,0.528,0.541,9.7,9.7,0.879,0.8,5.8,6.6,7.5,2.0,0.7,5.0,3.1,36.1
268,Maurice Harkless,SF,25,POR,60,53,23.6,3.2,6.5,0.48700000000000004,0.6,2.0,0.275,2.6,4.5,0.5820000000000001,0.53,0.8,0.8,0.6709999999999999,1.3,3.2,4.5,1.2,1.1,0.9,0.8,2.7,7.7
269,Montrezl Harrell,C,25,LAC,82,5,26.3,6.7,10.8,0.615,0.0,0.2,0.17600000000000002,6.6,10.6,0.623,0.617,3.2,3.2,0.643,2.2,4.3,6.5,2.0,0.9,1.3,1.6,3.1,16.6
270,Devin Harris,PG,35,DAL,68,2,15.8,1.9,5.1,0.38,0.9,2.9,0.31,1.0,2.2,0.47600000000000003,0.47,1.5,1.5,0.7609999999999999,0.2,1.5,1.6,1.8,0.5,0.2,0.8,2.0,6.3
271,Gary Harris,SG,24,DEN,57,48,28.8,4.7,11.2,0.424,1.4,4.2,0.33899999999999997,3.3,6.9,0.47600000000000003,0.488,2.0,2.0,0.799,0.7,2.1,2.8,2.2,1.0,0.3,1.2,2.0,12.9
272,Joe Harris,SG,27,BRK,76,76,30.2,4.9,9.8,0.5,2.4,5.1,0.474,2.5,4.8,0.528,0.622,1.4,1.4,0.8270000000000001,0.7,3.1,3.8,2.4,0.5,0.2,1.6,2.4,13.7
280,Shaquille Harrison,PG,25,CHI,73,11,19.6,2.5,5.8,0.43200000000000005,0.3,1.2,0.27,2.2,4.6,0.475,0.46,1.1,1.1,0.667,0.5,2.6,3.0,1.9,1.2,0.4,0.8,1.7,6.5
281,Josh Hart,SG,23,LAL,67,22,25.6,2.8,6.9,0.40700000000000003,1.4,4.1,0.336,1.4,2.8,0.511,0.506,0.8,0.8,0.688,0.5,3.2,3.7,1.4,1.0,0.6,0.9,2.2,7.8
282,Isaiah Hartenstein,PF,20,HOU,28,0,7.9,0.7,1.5,0.488,0.1,0.2,0.33299999999999996,0.6,1.3,0.514,0.512,0.4,0.4,0.7859999999999999,0.8,0.9,1.7,0.5,0.3,0.4,0.5,2.0,1.9
283,Udonis Haslem,C,38,MIA,10,1,7.4,1.1,3.3,0.33299999999999996,0.0,1.2,0.0,1.1,2.1,0.524,0.33299999999999996,0.3,0.3,0.75,0.3,2.4,2.7,0.2,0.0,0.0,0.3,0.9,2.5
284,Gordon Hayward,PF,28,BOS,72,18,25.9,4.1,8.8,0.466,1.1,3.2,0.33299999999999996,3.0,5.6,0.542,0.527,2.2,2.2,0.8340000000000001,0.7,3.8,4.5,3.4,0.9,0.3,1.5,1.4,11.5
285,John Henson,C,28,MIL,14,0,13.4,2.2,4.8,0.46299999999999997,0.8,2.2,0.355,1.4,2.6,0.556,0.545,0.4,0.4,0.6,1.1,3.9,5.1,1.0,0.5,0.8,0.9,1.1,5.6
286,Juan Hernangómez,PF,23,DEN,70,25,19.4,2.0,4.5,0.439,0.9,2.6,0.365,1.0,1.9,0.541,0.545,0.9,0.9,0.767,0.9,2.9,3.8,0.8,0.4,0.3,0.5,1.3,5.8
287,Willy Hernangómez,C,24,CHO,58,3,14.0,2.6,5.1,0.519,0.3,0.7,0.385,2.4,4.4,0.539,0.544,1.7,1.7,0.6940000000000001,2.0,3.3,5.4,1.0,0.3,0.3,1.0,1.7,7.3
288,Mario Hezonja,SF,23,NYK,58,24,20.8,3.3,8.0,0.41200000000000003,0.7,2.6,0.276,2.6,5.4,0.478,0.457,1.5,1.5,0.763,0.5,3.6,4.1,1.5,1.0,0.1,1.5,1.9,8.8
289,Isaiah Hicks,PF,24,NYK,3,0,10.7,1.3,2.7,0.5,0.0,0.0,0.0,1.3,2.7,0.5,0.5,1.3,1.3,0.8,0.7,1.7,2.3,0.7,0.3,1.0,0.3,1.7,4.0
290,Buddy Hield,SG,26,SAC,82,82,31.9,7.6,16.6,0.45799999999999996,3.4,7.9,0.42700000000000005,4.2,8.6,0.48700000000000004,0.56,2.1,2.1,0.8859999999999999,1.3,3.7,5.0,2.5,0.7,0.4,1.8,2.5,20.7
291,Haywood Highsmith,SF,22,PHI,5,0,8.0,0.8,2.0,0.4,0.2,1.0,0.2,0.6,1.0,0.6,0.45,0.0,0.0,0.0,0.0,1.0,1.0,0.4,0.2,0.0,0.2,0.2,1.8
292,Nenê Hilário,C,36,HOU,42,2,13.0,1.4,2.8,0.517,0.0,0.1,0.0,1.4,2.7,0.531,0.517,0.7,0.7,0.66,0.8,2.1,2.9,0.6,0.4,0.4,0.3,2.1,3.6
296,Solomon Hill,SF,27,NOP,44,15,20.0,1.5,4.0,0.382,0.7,2.3,0.317,0.8,1.8,0.46799999999999997,0.47200000000000003,0.5,0.5,0.7190000000000001,0.8,2.3,3.0,1.3,0.5,0.2,0.7,1.8,4.3
297,Aaron Holiday,PG,22,IND,50,0,12.9,2.1,5.2,0.401,0.9,2.5,0.33899999999999997,1.2,2.7,0.45899999999999996,0.483,0.8,0.8,0.82,0.1,1.2,1.3,1.7,0.4,0.3,0.8,1.4,5.9
298,Jrue Holiday,SG,28,NOP,67,67,35.9,8.2,17.3,0.47200000000000003,1.8,5.4,0.325,6.4,11.9,0.539,0.523,3.1,3.1,0.768,1.1,3.9,5.0,7.7,1.6,0.8,3.1,2.2,21.2
302,John Holland,SF,30,CLE,1,0,1.0,0.0,0.0,0.0,0.0,0.0,0.0,0.0,0.0,0.0,0.0,0.0,0.0,0.0,0.0,0.0,0.0,0.0,0.0,0.0,0.0,0.0,0.0
303,Rondae Hollis-Jefferson,SF,24,BRK,59,21,20.9,3.4,8.3,0.41100000000000003,0.2,0.8,0.184,3.2,7.4,0.436,0.42,2.0,2.0,0.645,1.4,3.8,5.3,1.6,0.7,0.5,1.2,1.8,8.9
304,Richaun Holmes,C,25,PHO,70,4,16.9,3.2,5.2,0.608,0.0,0.0,0.0,3.2,5.2,0.608,0.608,1.8,1.8,0.731,1.6,3.1,4.7,0.9,0.6,1.1,0.7,2.8,8.2
308,Al Horford,C,32,BOS,68,68,29.0,5.7,10.6,0.535,1.1,3.0,0.36,4.6,7.6,0.604,0.586,1.1,1.1,0.821,1.8,5.0,6.7,4.2,0.9,1.3,1.5,1.9,13.6
309,Danuel House,SF,25,HOU,39,13,25.1,3.0,6.5,0.46799999999999997,1.9,4.6,0.41600000000000004,1.1,1.9,0.595,0.615,1.4,1.4,0.789,0.6,2.9,3.6,1.0,0.5,0.3,0.9,2.1,9.4
310,Dwight Howard,C,33,WAS,9,9,25.6,4.8,7.7,0.623,0.0,0.0,0.0,4.8,7.7,0.623,0.623,3.2,3.2,0.604,2.7,6.6,9.2,0.4,0.8,0.4,1.8,3.8,12.8
311,Kevin Huerter,SG,20,ATL,75,59,27.3,3.7,8.8,0.419,1.8,4.7,0.385,1.9,4.1,0.457,0.522,0.5,0.5,0.732,0.8,2.5,3.3,2.9,0.9,0.3,1.5,2.1,9.7
312,Isaac Humphries,C,21,ATL,5,1,11.2,1.2,4.2,0.28600000000000003,0.6,2.2,0.273,0.6,2.0,0.3,0.35700000000000004,0.0,0.0,0.0,0.8,1.4,2.2,0.0,0.2,0.0,0.0,1.4,3.0
313,R.J. Hunter,SG,25,BOS,1,0,26.0,6.0,13.0,0.462,4.0,10.0,0.4,2.0,3.0,0.667,0.615,1.0,1.0,0.5,1.0,2.0,3.0,3.0,1.0,0.0,0.0,3.0,17.0
314,Chandler Hutchison,SF,22,CHI,44,14,20.3,2.2,4.8,0.45899999999999996,0.3,1.1,0.28,1.9,3.6,0.516,0.493,0.5,0.5,0.605,0.7,3.5,4.2,0.8,0.5,0.1,0.6,1.3,5.2
315,Serge Ibaka,C,29,TOR,74,51,27.2,6.3,11.9,0.529,0.7,2.3,0.29,5.6,9.6,0.586,0.557,1.8,1.8,0.763,2.1,6.0,8.1,1.3,0.4,1.4,1.5,2.9,15.0
316,Andre Iguodala,SF,35,GSW,68,13,23.2,2.2,4.4,0.5,0.7,2.1,0.33299999999999996,1.5,2.3,0.652,0.579,0.6,0.6,0.5820000000000001,0.7,3.0,3.7,3.2,0.9,0.8,0.8,1.4,5.7
317,Ersan İlyasova,PF,31,MIL,67,7,18.4,2.5,5.7,0.43799999999999994,0.9,2.4,0.363,1.6,3.3,0.493,0.514,0.9,0.9,0.8240000000000001,1.4,3.1,4.5,0.8,0.5,0.3,0.7,2.6,6.8
318,Joe Ingles,PF,31,UTA,82,82,31.3,4.4,9.8,0.44799999999999995,2.3,5.9,0.391,2.1,3.9,0.5329999999999999,0.565,1.1,1.1,0.7070000000000001,0.4,3.6,4.0,5.7,1.2,0.2,2.4,2.2,12.1
319,Andre Ingram,SG,33,LAL,4,0,3.8,0.0,1.5,0.0,0.0,0.8,0.0,0.0,0.8,0.0,0.0,0.0,0.0,0.0,0.3,0.3,0.5,0.0,0.3,0.0,0.3,0.0,0.0
320,Brandon Ingram,SF,21,LAL,52,52,33.8,7.0,14.0,0.49700000000000005,0.6,1.8,0.33,6.4,12.2,0.521,0.518,3.8,3.8,0.675,0.8,4.3,5.1,3.0,0.5,0.6,2.5,2.9,18.3
321,Kyrie Irving,PG,26,BOS,67,67,33.0,9.0,18.5,0.48700000000000004,2.6,6.5,0.401,6.4,12.0,0.5329999999999999,0.557,3.2,3.2,0.873,1.1,3.9,5.0,6.9,1.5,0.5,2.6,2.5,23.8
322,Jonathan Isaac,PF,21,ORL,75,64,26.6,3.5,8.1,0.429,1.1,3.5,0.32299999999999995,2.3,4.6,0.51,0.499,1.5,1.5,0.815,1.3,4.2,5.5,1.1,0.8,1.3,1.0,1.9,9.6
323,Wesley Iwundu,SF,24,ORL,68,13,18.1,1.7,4.0,0.41200000000000003,0.4,1.2,0.36700000000000005,1.2,2.9,0.431,0.465,1.2,1.2,0.816,0.5,2.2,2.7,1.1,0.4,0.3,0.6,1.8,5.0
324,Demetrius Jackson,PG,24,PHI,6,0,6.5,1.3,2.5,0.5329999999999999,0.3,1.0,0.33299999999999996,1.0,1.5,0.667,0.6,0.7,0.7,1.0,0.3,0.2,0.5,0.8,0.3,0.0,0.2,0.7,3.7
325,Frank Jackson,PG,20,NOP,61,16,19.2,3.2,7.3,0.434,0.9,2.8,0.314,2.3,4.6,0.507,0.493,0.9,0.9,0.74,0.4,1.8,2.2,1.1,0.4,0.0,0.8,1.5,8.1
326,Jaren Jackson,PF,19,MEM,58,56,26.1,5.1,10.2,0.506,0.9,2.4,0.359,4.3,7.7,0.5529999999999999,0.5489999999999999,2.6,2.6,0.7659999999999999,1.3,3.4,4.7,1.1,0.9,1.4,1.7,3.8,13.8
327,Josh Jackson,SG,21,PHO,79,29,25.2,4.4,10.6,0.413,0.9,2.8,0.324,3.5,7.8,0.445,0.456,1.8,1.8,0.6709999999999999,0.8,3.6,4.4,2.3,0.9,0.7,2.2,2.6,11.5
331,Reggie Jackson,PG,28,DET,82,82,27.9,5.4,12.8,0.42100000000000004,2.1,5.7,0.369,3.3,7.0,0.46399999999999997,0.504,2.5,2.5,0.8640000000000001,0.5,2.1,2.6,4.2,0.7,0.1,1.8,2.5,15.4
332,LeBron James,SF,34,LAL,55,55,35.2,10.1,19.9,0.51,2.0,5.9,0.33899999999999997,8.1,14.0,0.5820000000000001,0.56,5.1,5.1,0.665,1.0,7.4,8.5,8.3,1.3,0.6,3.6,1.7,27.4
333,Amile Jefferson,PF,25,ORL,12,0,5.7,0.8,1.3,0.625,0.0,0.0,0.0,0.8,1.3,0.625,0.625,0.6,0.6,0.875,0.5,1.3,1.8,0.3,0.3,0.3,0.1,0.7,2.3
337,Jonas Jerebko,PF,31,GSW,73,6,16.7,2.2,4.9,0.45899999999999996,0.9,2.6,0.36700000000000005,1.3,2.3,0.563,0.556,0.9,0.9,0.8,1.0,3.0,3.9,1.3,0.4,0.2,0.6,1.9,6.3
338,Alize Johnson,PF,22,IND,14,0,4.6,0.3,1.1,0.25,0.1,0.1,0.5,0.2,1.0,0.214,0.281,0.3,0.3,0.5,0.3,1.1,1.4,0.1,0.1,0.2,0.0,0.5,0.9
339,Amir Johnson,C,31,PHI,51,6,10.4,1.5,3.1,0.503,0.2,0.8,0.3,1.3,2.3,0.573,0.541,0.6,0.6,0.7559999999999999,0.9,2.0,2.9,1.2,0.3,0.3,0.9,1.9,3.9
343,James Johnson,PF,31,MIA,55,33,21.2,3.0,6.9,0.433,0.9,2.7,0.336,2.1,4.2,0.496,0.499,0.9,0.9,0.7140000000000001,0.4,2.8,3.2,2.5,0.6,0.5,1.3,2.1,7.8
353,Nikola Jokić,C,23,DEN,80,80,31.3,7.7,15.1,0.511,1.0,3.4,0.307,6.7,11.7,0.569,0.545,3.6,3.6,0.821,2.9,8.0,10.8,7.3,1.4,0.7,3.1,2.9,20.1
354,Damian Jones,C,23,GSW,24,22,17.1,2.2,3.1,0.716,0.0,0.0,0.0,2.2,3.1,0.716,0.716,1.0,1.0,0.649,1.3,1.8,3.1,1.2,0.5,1.0,0.7,2.6,5.4
355,Derrick Jones,SF,21,MIA,60,14,19.2,2.7,5.4,0.494,0.5,1.5,0.308,2.2,3.9,0.5670000000000001,0.537,1.2,1.2,0.607,1.6,2.4,4.0,0.6,0.8,0.7,0.7,2.1,7.0
356,Jalen Jones,SF,25,CLE,16,0,13.4,1.6,3.9,0.419,0.6,1.8,0.35700000000000004,1.0,2.1,0.47100000000000003,0.5,1.2,1.2,0.7040000000000001,0.7,1.4,2.1,0.4,0.6,0.1,0.5,1.7,5.1
357,Jemerrio Jones,SF,23,LAL,6,2,23.8,2.0,5.5,0.364,0.3,1.7,0.2,1.7,3.8,0.435,0.39399999999999996,0.2,0.2,0.5,2.7,5.5,8.2,2.2,1.2,0.8,0.8,1.7,4.5
358,Terrence Jones,PF,27,HOU,2,0,2.5,0.5,2.0,0.25,0.0,1.0,0.0,0.5,1.0,0.5,0.25,0.0,0.0,0.0,0.0,2.0,2.0,0.0,0.0,0.0,0.5,0.5,1.0
359,Tyus Jones,PG,22,MIN,68,23,22.9,2.7,6.6,0.415,0.6,1.9,0.317,2.1,4.7,0.45299999999999996,0.46,0.9,0.9,0.841,0.3,1.6,2.0,4.8,1.2,0.1,0.7,1.1,6.9
363,Cory Joseph,PG,27,IND,82,9,25.2,2.8,6.7,0.41200000000000003,0.7,2.1,0.322,2.1,4.6,0.45399999999999996,0.46299999999999997,0.4,0.4,0.698,0.5,2.9,3.4,3.9,1.1,0.3,1.0,1.6,6.5
364,Frank Kaminsky,C,25,CHO,47,0,16.1,2.9,6.3,0.46299999999999997,1.1,3.0,0.36,1.9,3.4,0.5529999999999999,0.547,1.7,1.7,0.738,0.8,2.6,3.5,1.3,0.3,0.3,0.9,1.4,8.6
368,Luke Kennard,SG,22,DET,63,10,22.8,3.6,8.3,0.43799999999999994,1.7,4.3,0.39399999999999996,1.9,4.0,0.486,0.54,0.8,0.8,0.836,0.2,2.7,2.9,1.8,0.4,0.2,0.9,1.5,9.7
369,Michael Kidd-Gilchrist,PF,25,CHO,64,3,18.4,2.5,5.2,0.47600000000000003,0.3,0.7,0.34,2.2,4.5,0.498,0.5,1.5,1.5,0.772,1.4,2.5,3.8,1.0,0.5,0.6,0.7,2.4,6.7
370,George King,SF,25,PHO,1,0,6.0,0.0,0.0,0.0,0.0,0.0,0.0,0.0,0.0,0.0,0.0,0.0,0.0,0.0,0.0,1.0,1.0,0.0,0.0,0.0,0.0,0.0,0.0
371,Maxi Kleber,PF,27,DAL,71,18,21.2,2.5,5.4,0.45299999999999996,1.1,3.1,0.353,1.4,2.4,0.583,0.5529999999999999,0.8,0.8,0.784,1.3,3.4,4.6,1.0,0.5,1.1,0.8,2.0,6.8
375,Kevin Knox,PF,19,NYK,75,57,28.8,4.5,12.2,0.37,1.7,4.9,0.34299999999999997,2.8,7.3,0.387,0.43799999999999994,2.2,2.2,0.7170000000000001,0.8,3.7,4.5,1.1,0.6,0.3,1.5,2.3,12.8
376,Furkan Korkmaz,SG,21,PHI,48,7,14.1,2.0,5.1,0.4,1.0,3.0,0.326,1.1,2.1,0.505,0.496,0.8,0.8,0.818,0.3,1.9,2.2,1.1,0.6,0.0,0.5,1.3,5.8
377,Luke Kornet,PF,23,NYK,46,18,17.0,2.3,6.2,0.37799999999999995,1.5,4.2,0.363,0.8,2.0,0.41100000000000003,0.502,0.8,0.8,0.826,0.6,2.3,2.9,1.2,0.6,0.9,0.5,0.9,7.0
381,Kosta Koufos,C,29,SAC,42,1,12.0,1.7,3.6,0.47700000000000004,0.0,0.0,0.0,1.7,3.6,0.47700000000000004,0.47700000000000004,0.2,0.2,0.41700000000000004,1.2,3.0,4.2,0.9,0.4,0.4,0.6,1.6,3.7
382,Rodions Kurucs,SF,20,BRK,63,46,20.5,3.2,7.1,0.45,0.9,2.9,0.315,2.3,4.2,0.5429999999999999,0.514,1.1,1.1,0.7829999999999999,0.9,3.0,3.9,0.8,0.7,0.4,1.2,2.3,8.5
383,Kyle Kuzma,PF,23,LAL,70,68,33.1,7.1,15.5,0.456,1.8,6.0,0.303,5.3,9.5,0.5529999999999999,0.515,2.7,2.7,0.752,0.9,4.6,5.5,2.5,0.6,0.4,1.9,2.4,18.7
387,Jeremy Lamb,SG,26,CHO,79,55,28.5,5.5,12.4,0.44,1.5,4.2,0.348,4.0,8.2,0.48700000000000004,0.499,2.9,2.9,0.888,0.8,4.7,5.5,2.2,1.1,0.4,1.0,1.8,15.3
388,Zach LaVine,SG,23,CHI,63,62,34.5,8.4,18.0,0.467,1.9,5.1,0.374,6.5,12.9,0.504,0.52,5.0,5.0,0.8320000000000001,0.6,4.0,4.7,4.5,1.0,0.4,3.4,2.2,23.7
389,Jake Layman,SF,24,POR,71,33,18.7,3.0,6.0,0.509,0.8,2.5,0.326,2.2,3.4,0.6459999999999999,0.579,0.7,0.7,0.7040000000000001,0.8,2.3,3.1,0.7,0.4,0.4,0.6,1.6,7.6
390,T.J. Leaf,PF,21,IND,58,1,9.0,1.7,3.2,0.541,0.1,0.5,0.258,1.6,2.6,0.599,0.563,0.3,0.3,0.613,0.7,1.4,2.2,0.4,0.2,0.3,0.2,0.6,3.9
394,Damion Lee,SG,26,GSW,32,0,11.7,1.8,4.0,0.441,0.8,2.1,0.397,0.9,1.8,0.49200000000000005,0.547,0.6,0.6,0.8640000000000001,0.3,1.8,2.0,0.4,0.4,0.0,0.3,0.9,4.9
395,Walt Lemon,PG,26,CHI,6,3,27.8,6.3,14.5,0.43700000000000006,0.3,0.8,0.4,6.0,13.7,0.439,0.44799999999999995,1.3,1.3,0.727,0.7,3.8,4.5,5.0,1.8,0.2,1.7,2.3,14.3
396,Alex Len,C,25,ATL,77,31,20.1,4.2,8.4,0.494,1.0,2.6,0.363,3.2,5.8,0.5539999999999999,0.551,1.8,1.8,0.648,2.1,3.5,5.5,1.1,0.4,0.9,1.3,2.6,11.1
397,Kawhi Leonard,SF,27,TOR,60,60,34.0,9.3,18.8,0.496,1.9,5.0,0.371,7.5,13.8,0.542,0.546,6.1,6.1,0.8540000000000001,1.3,6.0,7.3,3.3,1.8,0.4,2.0,1.5,26.6
398,Meyers Leonard,C,26,POR,61,2,14.4,2.2,4.0,0.545,0.8,1.8,0.45,1.3,2.1,0.626,0.649,0.7,0.7,0.843,0.8,3.0,3.8,1.2,0.2,0.1,0.7,1.7,5.9
399,Jon Leuer,PF,29,DET,41,1,9.8,1.6,2.8,0.584,0.0,0.3,0.091,1.6,2.5,0.637,0.588,0.6,0.6,0.742,0.7,1.7,2.4,0.3,0.3,0.1,0.6,1.5,3.8
400,Caris LeVert,SF,24,BRK,40,25,26.6,5.2,12.1,0.429,1.2,3.9,0.312,4.0,8.2,0.483,0.478,2.1,2.1,0.691,0.9,2.9,3.8,3.9,1.1,0.4,1.7,1.9,13.7
401,Damian Lillard,PG,28,POR,80,80,35.5,8.5,19.2,0.444,3.0,8.0,0.369,5.6,11.1,0.499,0.522,5.9,5.9,0.912,0.9,3.8,4.6,6.9,1.1,0.4,2.7,1.9,25.8
405,Shaun Livingston,PG,33,GSW,64,0,15.1,1.7,3.3,0.519,0.0,0.0,0.0,1.7,3.3,0.524,0.519,0.6,0.6,0.784,0.7,1.2,1.8,1.8,0.5,0.4,0.6,1.2,4.0
406,Zach Lofton,SG,26,DET,1,0,4.0,0.0,1.0,0.0,0.0,1.0,0.0,0.0,0.0,0.0,0.0,0.0,0.0,0.0,0.0,0.0,0.0,0.0,1.0,0.0,1.0,0.0,0.0
407,Kevon Looney,C,22,GSW,80,24,18.5,2.7,4.3,0.625,0.0,0.1,0.1,2.7,4.2,0.6409999999999999,0.627,0.8,0.8,0.619,2.4,2.8,5.2,1.5,0.6,0.7,0.6,2.6,6.3
408,Brook Lopez,C,30,MIL,81,81,28.7,4.4,9.7,0.452,2.3,6.3,0.365,2.1,3.4,0.613,0.5710000000000001,1.4,1.4,0.8420000000000001,0.4,4.5,4.9,1.2,0.6,2.2,1.0,2.3,12.5
409,Robin Lopez,C,30,CHI,74,36,21.7,4.1,7.2,0.568,0.1,0.4,0.226,4.0,6.8,0.589,0.575,1.2,1.2,0.7240000000000001,1.9,2.0,3.9,1.2,0.1,1.1,1.3,1.7,9.5
410,Kevin Love,PF,30,CLE,22,21,27.2,5.0,12.9,0.385,2.4,6.7,0.361,2.5,6.2,0.41200000000000003,0.479,4.7,4.7,0.904,1.5,9.4,10.9,2.2,0.3,0.2,1.9,2.5,17.0
411,Kyle Lowry,PG,32,TOR,65,65,34.0,4.7,11.4,0.41100000000000003,2.4,7.0,0.34700000000000003,2.3,4.4,0.514,0.518,2.5,2.5,0.83,0.6,4.2,4.8,8.7,1.4,0.5,2.8,2.6,14.2
412,Jordan Loyd,PG,25,TOR,12,0,4.6,0.7,1.5,0.444,0.3,0.7,0.5,0.3,0.8,0.4,0.556,0.8,0.8,0.818,0.1,0.7,0.8,0.5,0.0,0.0,0.2,0.4,2.4
413,Kalin Lucas,PG,29,DET,1,0,6.0,0.0,1.0,0.0,0.0,1.0,0.0,0.0,0.0,0.0,0.0,2.0,2.0,1.0,0.0,3.0,3.0,1.0,0.0,0.0,0.0,1.0,2.0
417,Tyler Lydon,PF,22,DEN,25,0,3.8,0.4,0.7,0.5,0.2,0.4,0.4,0.2,0.3,0.625,0.611,0.0,0.0,0.33299999999999996,0.3,0.4,0.7,0.2,0.1,0.0,0.2,0.4,0.9
418,Trey Lyles,PF,23,DEN,64,2,17.5,3.2,7.7,0.418,0.8,3.1,0.255,2.4,4.6,0.529,0.47,1.3,1.3,0.698,0.7,3.2,3.8,1.4,0.5,0.4,1.1,1.5,8.5
419,Scott Machado,PG,28,LAL,4,0,4.8,1.0,1.5,0.667,0.3,0.3,1.0,0.8,1.3,0.6,0.75,0.3,0.3,1.0,0.0,0.0,0.0,0.8,0.3,0.0,0.0,0.5,2.5
423,Daryl Macon,SG,23,DAL,8,0,11.3,1.3,3.4,0.37,0.6,1.4,0.455,0.6,2.0,0.313,0.46299999999999997,0.5,0.5,0.5710000000000001,0.3,1.3,1.5,0.9,0.1,0.0,0.8,1.0,3.6
424,J.P. Macura,SG,23,CHO,2,0,8.5,1.5,4.5,0.33299999999999996,0.0,2.0,0.0,1.5,2.5,0.6,0.33299999999999996,0.0,0.0,0.0,0.0,1.5,1.5,1.0,0.0,0.0,0.0,0.0,3.0
425,Ian Mahinmi,C,32,WAS,34,6,14.6,1.4,3.1,0.452,0.1,0.5,0.188,1.3,2.6,0.5,0.466,1.2,1.2,0.6890000000000001,1.4,2.4,3.8,0.7,0.7,0.5,0.6,2.5,4.1
432,Lauri Markkanen,PF,21,CHI,52,51,32.3,6.6,15.3,0.43,2.3,6.4,0.361,4.3,8.9,0.479,0.506,3.3,3.3,0.872,1.4,7.6,9.0,1.4,0.7,0.6,1.6,2.3,18.7
433,Jarell Martin,PF,24,ORL,42,1,7.8,1.0,2.5,0.413,0.5,1.4,0.35100000000000003,0.5,1.1,0.489,0.51,0.2,0.2,0.818,0.3,1.5,1.7,0.4,0.1,0.2,0.3,1.2,2.7
434,Frank Mason,PG,24,SAC,38,0,11.4,1.9,4.4,0.42,0.4,1.7,0.21899999999999997,1.5,2.8,0.5429999999999999,0.462,1.0,1.0,0.684,0.2,1.0,1.1,2.2,0.4,0.1,0.9,0.9,5.1
435,Yante Maten,PF,22,MIA,2,0,6.5,0.5,2.0,0.25,0.0,0.5,0.0,0.5,1.5,0.33299999999999996,0.25,0.0,0.0,0.0,0.5,1.0,1.5,0.0,0.5,0.0,0.0,0.0,1.0
440,Luc Mbah a Moute,PF,32,LAC,4,0,15.3,2.0,4.5,0.444,0.5,1.5,0.33299999999999996,1.5,3.0,0.5,0.5,0.5,0.5,0.4,0.5,1.3,1.8,0.5,0.3,0.3,0.5,2.0,5.0
441,Tahjere McCall,SG,24,BRK,1,0,8.0,2.0,3.0,0.667,0.0,1.0,0.0,2.0,2.0,1.0,0.667,0.0,0.0,0.0,0.0,1.0,1.0,0.0,0.0,0.0,0.0,2.0,4.0
445,CJ McCollum,SG,27,POR,70,70,33.9,8.2,17.8,0.45899999999999996,2.4,6.4,0.375,5.8,11.4,0.506,0.527,2.3,2.3,0.828,0.9,3.1,4.0,3.0,0.8,0.4,1.5,2.5,21.0
446,T.J. McConnell,PG,26,PHI,76,3,19.3,2.9,5.5,0.525,0.2,0.6,0.33299999999999996,2.7,5.0,0.546,0.542,0.4,0.4,0.784,0.4,1.9,2.3,3.4,1.0,0.2,1.2,1.4,6.4
447,Doug McDermott,SF,27,IND,77,1,17.4,2.7,5.5,0.491,1.1,2.7,0.408,1.6,2.8,0.569,0.59,0.9,0.9,0.835,0.2,1.2,1.4,0.9,0.2,0.1,0.5,1.4,7.3
448,JaVale McGee,C,31,LAL,75,62,22.3,5.3,8.5,0.624,0.0,0.2,0.083,5.3,8.4,0.634,0.625,1.3,1.3,0.632,2.6,4.9,7.5,0.7,0.6,2.0,1.4,2.8,12.0
449,Rodney McGruder,SG,27,MIA,66,45,23.5,2.8,7.0,0.40299999999999997,1.2,3.4,0.35100000000000003,1.6,3.6,0.45299999999999996,0.489,0.8,0.8,0.722,0.9,2.7,3.6,1.7,0.5,0.2,1.0,1.7,7.6
450,Alfonzo McKinnie,SF,26,GSW,72,5,13.9,1.9,3.8,0.48700000000000004,0.6,1.6,0.35600000000000004,1.3,2.2,0.586,0.564,0.4,0.4,0.563,1.1,2.3,3.4,0.4,0.3,0.2,0.4,1.9,4.7
451,Ben McLemore,SG,25,SAC,19,0,8.3,1.3,3.4,0.391,0.9,2.2,0.415,0.4,1.2,0.348,0.523,0.4,0.4,0.667,0.2,0.7,0.9,0.2,0.3,0.2,0.3,1.2,3.9
452,Jordan McRae,SG,27,WAS,27,0,12.3,2.3,4.8,0.469,0.4,1.3,0.28600000000000003,1.9,3.5,0.537,0.508,1.0,1.0,0.8,0.2,1.3,1.5,1.1,0.5,0.3,0.6,1.0,5.9
453,Jodie Meeks,SG,31,TOR,8,0,13.0,2.6,4.9,0.5379999999999999,1.0,2.3,0.444,1.6,2.6,0.619,0.6409999999999999,0.1,0.1,1.0,0.1,1.4,1.5,1.0,0.1,0.1,0.3,0.6,6.4
454,Salah Mejri,C,32,DAL,36,4,11.1,1.5,3.1,0.491,0.3,0.9,0.324,1.2,2.2,0.564,0.54,0.6,0.6,0.625,1.0,2.6,3.6,1.0,0.3,0.7,0.6,1.5,3.9
455,De'Anthony Melton,PG,20,PHO,50,31,19.7,2.0,5.1,0.391,0.6,1.9,0.305,1.4,3.2,0.441,0.447,0.4,0.4,0.75,0.5,2.2,2.7,3.2,1.4,0.5,1.5,2.3,5.0
456,Chimezie Metu,PF,21,SAS,29,0,5.0,0.7,2.0,0.32799999999999996,0.0,0.1,0.0,0.7,1.9,0.33899999999999997,0.32799999999999996,0.4,0.4,0.765,0.3,0.9,1.2,0.4,0.2,0.1,0.5,0.5,1.8
457,Khris Middleton,SF,27,MIL,77,77,31.1,6.6,14.9,0.441,2.3,6.2,0.37799999999999995,4.2,8.8,0.485,0.519,2.8,2.8,0.8370000000000001,0.6,5.3,6.0,4.3,1.0,0.1,2.3,2.2,18.3
461,Darius Miller,SF,28,NOP,69,15,25.5,2.7,7.0,0.39,1.9,5.3,0.365,0.8,1.7,0.467,0.528,0.8,0.8,0.789,0.2,1.7,1.9,2.1,0.6,0.3,0.9,2.4,8.2
462,Malcolm Miller,SF,25,TOR,10,0,6.7,1.1,2.6,0.423,1.0,2.1,0.47600000000000003,0.1,0.5,0.2,0.615,0.3,0.3,0.75,0.1,0.4,0.5,0.1,0.1,0.1,0.1,0.5,3.5
463,Patty Mills,PG,30,SAS,82,1,23.3,3.4,8.1,0.425,1.9,4.9,0.39399999999999996,1.5,3.2,0.475,0.545,1.1,1.1,0.8540000000000001,0.3,1.9,2.2,3.0,0.6,0.1,1.1,1.6,9.9
464,Paul Millsap,PF,33,DEN,70,65,27.1,4.6,9.5,0.484,0.8,2.3,0.365,3.8,7.2,0.522,0.528,2.6,2.6,0.727,2.2,5.0,7.2,2.0,1.2,0.8,1.4,2.6,12.6
465,Shake Milton,SG,22,PHI,20,0,13.4,1.7,4.4,0.391,0.7,2.2,0.318,1.0,2.2,0.465,0.47100000000000003,0.3,0.3,0.7140000000000001,0.5,1.3,1.8,0.9,0.4,0.4,0.3,1.5,4.4
469,Donovan Mitchell,SG,22,UTA,77,77,33.7,8.6,19.9,0.43200000000000005,2.4,6.7,0.36200000000000004,6.1,13.1,0.46799999999999997,0.493,4.1,4.1,0.8059999999999999,0.8,3.3,4.1,4.2,1.4,0.4,2.8,2.7,23.8
470,Naz Mitrou-Long,SG,25,UTA,14,0,6.0,0.4,1.4,0.3,0.1,0.8,0.182,0.3,0.6,0.444,0.35,0.1,0.1,1.0,0.1,0.4,0.4,1.1,0.1,0.1,0.6,0.7,1.1
471,Malik Monk,SG,20,CHO,73,0,17.2,3.1,8.0,0.387,1.5,4.5,0.33,1.6,3.5,0.461,0.48,1.2,1.2,0.882,0.2,1.7,1.9,1.6,0.5,0.3,1.2,1.5,8.9
476,E'Twaun Moore,SG,29,NOP,53,36,27.6,4.8,10.0,0.48100000000000004,1.4,3.3,0.43200000000000005,3.4,6.7,0.506,0.5529999999999999,0.8,0.8,0.763,0.7,1.7,2.4,1.9,0.8,0.2,1.1,2.1,11.9
480,Jaylen Morris,SG,23,MIL,4,0,7.3,1.0,2.5,0.4,0.3,0.8,0.33299999999999996,0.8,1.8,0.429,0.45,0.3,0.3,0.5,0.0,1.3,1.3,1.0,0.5,0.0,0.3,0.3,2.5
481,Marcus Morris,PF,29,BOS,75,53,27.9,5.0,11.3,0.447,1.9,5.2,0.375,3.1,6.1,0.508,0.5329999999999999,1.9,1.9,0.8440000000000001,1.0,5.1,6.1,1.5,0.6,0.3,1.2,2.4,13.9
485,Monte Morris,PG,23,DEN,82,6,24.0,4.2,8.6,0.493,1.1,2.8,0.414,3.1,5.8,0.531,0.56,0.8,0.8,0.802,0.4,1.9,2.4,3.6,0.9,0.0,0.6,1.2,10.4
486,Donatas Motiejūnas,PF,28,SAS,3,0,4.3,1.0,2.0,0.5,0.0,0.0,0.0,1.0,2.0,0.5,0.5,0.0,0.0,0.0,0.7,0.3,1.0,0.3,0.0,0.3,1.0,2.0,2.0
487,Johnathan Motley,PF,23,LAC,22,0,7.1,1.8,3.3,0.534,0.0,0.1,0.0,1.8,3.2,0.557,0.534,1.1,1.1,0.6,0.8,1.5,2.3,0.5,0.2,0.1,0.7,1.2,4.6
488,Emmanuel Mudiay,PG,22,NYK,59,42,27.2,5.6,12.5,0.446,1.2,3.6,0.32899999999999996,4.4,9.0,0.49200000000000005,0.493,2.4,2.4,0.774,0.6,2.8,3.3,3.9,0.7,0.3,2.4,1.7,14.8
489,Jamal Murray,PG,21,DEN,75,74,32.6,6.8,15.6,0.43700000000000006,2.0,5.5,0.36700000000000005,4.8,10.1,0.47600000000000003,0.502,2.5,2.5,0.848,0.9,3.4,4.2,4.8,0.9,0.4,2.1,2.0,18.2
490,Džanan Musa,SG,19,BRK,9,0,4.3,1.0,2.4,0.409,0.1,1.1,0.1,0.9,1.3,0.667,0.43200000000000005,0.0,0.0,0.0,0.1,0.4,0.6,0.2,0.2,0.0,0.4,0.1,2.1
497,Abdel Nader,SF,25,OKC,61,1,11.4,1.5,3.5,0.423,0.5,1.6,0.32,1.0,1.9,0.513,0.498,0.4,0.4,0.75,0.2,1.7,1.9,0.3,0.3,0.2,0.4,1.1,4.0
498,Larry Nance,C,26,CLE,67,30,26.8,3.7,7.1,0.52,0.5,1.5,0.337,3.2,5.7,0.5670000000000001,0.5539999999999999,1.4,1.4,0.716,2.5,5.7,8.2,3.2,1.5,0.6,1.4,2.9,9.4
499,Shabazz Napier,PG,27,BRK,56,2,17.6,3.0,7.8,0.389,1.4,4.1,0.33299999999999996,1.7,3.7,0.449,0.47600000000000003,2.1,2.1,0.833,0.3,1.5,1.8,2.6,0.7,0.3,1.2,1.2,9.4
500,Raul Neto,PG,26,UTA,37,1,12.8,2.0,4.4,0.46,0.5,1.6,0.33299999999999996,1.5,2.7,0.535,0.522,0.8,0.8,0.848,0.2,1.5,1.7,2.5,0.4,0.1,0.9,1.3,5.3
501,Georges Niang,PF,25,UTA,59,0,8.7,1.5,3.1,0.475,0.7,1.8,0.41,0.7,1.3,0.5660000000000001,0.594,0.3,0.3,0.833,0.2,1.3,1.5,0.6,0.2,0.1,0.4,1.0,4.0
502,Joakim Noah,C,33,MEM,42,1,16.5,2.6,5.1,0.516,0.0,0.0,0.0,2.6,5.0,0.519,0.516,1.9,1.9,0.716,1.4,4.3,5.7,2.1,0.5,0.7,1.2,2.3,7.1
503,Nerlens Noel,C,24,OKC,77,2,13.7,2.1,3.6,0.5870000000000001,0.0,0.0,0.0,2.1,3.6,0.5870000000000001,0.5870000000000001,0.7,0.7,0.684,1.6,2.6,4.2,0.6,0.9,1.2,0.6,2.2,4.9
504,Dirk Nowitzki,PF,40,DAL,51,20,15.6,2.6,7.4,0.359,1.3,4.0,0.312,1.4,3.4,0.415,0.444,0.8,0.8,0.78,0.1,3.0,3.1,0.7,0.2,0.4,0.4,1.5,7.3
505,Frank Ntilikina,PG,20,NYK,43,16,21.0,2.2,6.6,0.337,0.8,2.7,0.287,1.4,3.9,0.371,0.395,0.5,0.5,0.767,0.3,1.7,2.0,2.8,0.7,0.3,1.3,2.4,5.7
509,Jusuf Nurkić,C,24,POR,72,72,27.4,5.8,11.5,0.508,0.0,0.4,0.10300000000000001,5.8,11.1,0.523,0.51,3.9,3.9,0.773,3.4,7.0,10.4,3.2,1.0,1.4,2.3,3.5,15.6
510,David Nwaba,SG,26,CLE,51,14,19.3,2.5,5.1,0.48100000000000004,0.5,1.5,0.32,2.0,3.7,0.545,0.527,1.1,1.1,0.682,0.8,2.4,3.2,1.1,0.7,0.3,0.6,2.1,6.5
511,Royce O'Neale,SF,25,UTA,82,16,20.4,2.0,4.2,0.475,0.8,2.1,0.386,1.2,2.0,0.569,0.574,0.4,0.4,0.762,0.3,3.2,3.5,1.5,0.7,0.3,0.9,2.1,5.2
512,Kyle O'Quinn,C,28,IND,45,3,8.2,1.5,3.0,0.507,0.0,0.3,0.083,1.5,2.8,0.5479999999999999,0.511,0.4,0.4,0.81,0.6,2.0,2.6,1.2,0.2,0.6,0.7,1.5,3.5
513,Semi Ojeleye,PF,24,BOS,56,3,10.6,1.2,2.8,0.424,0.5,1.6,0.315,0.7,1.2,0.565,0.513,0.4,0.4,0.615,0.4,1.1,1.5,0.4,0.2,0.1,0.3,0.8,3.3
514,Jahlil Okafor,C,23,NOP,59,24,15.8,3.6,6.1,0.586,0.0,0.1,0.2,3.6,6.1,0.591,0.5870000000000001,1.0,1.0,0.6629999999999999,1.4,3.3,4.7,0.7,0.3,0.7,0.9,1.6,8.2
515,Élie Okobo,PG,21,PHO,53,16,18.1,2.2,5.5,0.39299999999999996,0.7,2.5,0.295,1.4,3.0,0.475,0.46,0.7,0.7,0.787,0.2,1.6,1.8,2.4,0.6,0.1,1.3,2.1,5.7
516,Josh Okogie,SG,20,MIN,74,52,23.7,2.6,6.9,0.386,0.8,2.9,0.27899999999999997,1.8,4.0,0.46399999999999997,0.445,1.6,1.6,0.728,0.6,2.4,2.9,1.2,1.2,0.4,0.9,2.2,7.7
517,Victor Oladipo,SG,26,IND,36,36,31.9,6.9,16.3,0.423,2.1,6.0,0.34299999999999997,4.9,10.3,0.47,0.486,2.9,2.9,0.73,0.6,5.0,5.6,5.2,1.7,0.3,2.3,2.0,18.8
518,Kelly Olynyk,PF,27,MIA,79,36,22.9,3.3,7.1,0.46299999999999997,1.4,4.0,0.354,1.9,3.1,0.604,0.563,1.9,1.9,0.8220000000000001,0.9,3.8,4.7,1.8,0.7,0.5,1.4,2.3,10.0
519,Cedi Osman,SF,23,CLE,76,75,32.2,4.7,11.1,0.42700000000000005,1.7,4.9,0.348,3.0,6.2,0.489,0.504,1.9,1.9,0.779,0.6,4.1,4.7,2.6,0.8,0.1,1.5,2.6,13.0
523,Zaza Pachulia,C,34,DET,68,3,12.9,1.3,2.8,0.44,0.0,0.1,0.0,1.3,2.8,0.45,0.44,1.4,1.4,0.782,1.5,2.4,3.9,1.3,0.5,0.3,0.8,2.2,3.9
527,Tony Parker,PG,36,CHO,56,0,17.9,3.8,8.3,0.46,0.2,0.9,0.255,3.6,7.4,0.485,0.474,1.6,1.6,0.7340000000000001,0.3,1.2,1.5,3.7,0.4,0.1,1.3,0.9,9.5
528,Chandler Parsons,SF,30,MEM,25,3,19.8,2.7,7.3,0.374,1.2,3.8,0.309,1.6,3.5,0.44299999999999995,0.45299999999999996,0.9,0.9,0.88,0.2,2.6,2.8,1.7,0.8,0.2,1.3,1.8,7.5
529,Patrick Patterson,PF,29,OKC,63,5,13.7,1.3,3.5,0.374,0.7,2.2,0.336,0.6,1.3,0.439,0.479,0.3,0.3,0.633,0.7,1.7,2.3,0.5,0.3,0.2,0.3,0.7,3.6
530,Justin Patton,C,21,PHI,3,0,7.0,0.7,2.3,0.28600000000000003,0.0,0.7,0.0,0.7,1.7,0.4,0.28600000000000003,0.3,0.3,0.5,0.7,1.3,2.0,1.0,0.7,0.0,0.0,1.7,1.7
531,Chris Paul,PG,33,HOU,58,58,32.0,5.2,12.4,0.419,2.2,6.1,0.358,3.0,6.3,0.479,0.508,3.0,3.0,0.862,0.6,3.9,4.6,8.2,2.0,0.3,2.6,2.5,15.6
535,Elfrid Payton,PG,24,NOP,42,42,29.8,4.3,9.8,0.434,0.8,2.5,0.314,3.5,7.3,0.47600000000000003,0.475,1.3,1.3,0.743,1.2,4.1,5.2,7.6,1.0,0.4,2.7,1.9,10.6
536,Gary Payton,PG,26,WAS,3,0,5.3,1.7,2.7,0.625,0.3,0.7,0.5,1.3,2.0,0.667,0.688,0.0,0.0,0.0,0.3,0.3,0.7,1.3,1.0,0.3,0.3,0.7,3.7
537,Theo Pinson,SG,23,BRK,18,0,11.7,1.4,4.1,0.342,0.7,2.6,0.261,0.7,1.5,0.48100000000000004,0.425,1.1,1.1,0.8640000000000001,0.2,1.8,2.0,1.2,0.3,0.0,1.0,0.8,4.5
538,Mason Plumlee,C,28,DEN,82,17,21.1,3.2,5.4,0.593,0.0,0.1,0.2,3.2,5.3,0.602,0.595,1.4,1.4,0.561,2.0,4.4,6.4,3.0,0.8,0.9,1.5,3.1,7.8
539,Miles Plumlee,C,30,ATL,18,0,9.6,1.8,2.7,0.667,0.0,0.0,0.0,1.8,2.7,0.667,0.667,0.9,0.9,0.5329999999999999,0.9,1.3,2.2,0.9,0.3,0.2,0.6,0.8,4.4
540,Jakob Pöltl,C,23,SAS,77,24,16.5,2.4,3.8,0.645,0.0,0.0,0.0,2.4,3.8,0.645,0.645,0.6,0.6,0.5329999999999999,2.3,3.0,5.3,1.2,0.4,0.9,0.6,1.6,5.5
541,Quincy Pondexter,SF,30,SAS,53,0,5.5,0.5,1.1,0.5,0.1,0.3,0.33299999999999996,0.4,0.8,0.575,0.552,0.6,0.6,0.81,0.2,0.7,0.9,0.5,0.2,0.0,0.2,0.5,1.8
548,Dwight Powell,C,27,DAL,77,22,21.6,3.8,6.3,0.597,0.5,1.6,0.307,3.3,4.7,0.6990000000000001,0.637,2.5,2.5,0.772,1.8,3.5,5.3,1.5,0.6,0.6,0.9,2.6,10.6
549,Norman Powell,SG,25,TOR,60,3,18.8,3.2,6.7,0.483,1.1,2.8,0.4,2.1,3.8,0.5429999999999999,0.568,1.0,1.0,0.8270000000000001,0.3,2.1,2.3,1.5,0.7,0.2,1.1,1.6,8.6
550,Alex Poythress,PF,25,ATL,21,1,14.5,1.9,3.9,0.494,0.4,1.1,0.391,1.5,2.8,0.534,0.5489999999999999,0.9,0.9,0.621,1.4,2.2,3.6,0.8,0.2,0.5,0.6,2.2,5.1
551,Zhou Qi,PF,23,HOU,1,0,1.0,1.0,1.0,1.0,0.0,0.0,0.0,1.0,1.0,1.0,1.0,0.0,0.0,0.0,0.0,0.0,0.0,0.0,0.0,0.0,0.0,0.0,2.0
552,Ivan Rabb,PF,21,MEM,49,13,14.7,2.4,4.3,0.547,0.1,0.3,0.2,2.3,4.0,0.574,0.5539999999999999,1.0,1.0,0.71,1.4,2.8,4.2,1.1,0.3,0.3,0.7,1.8,5.8
553,Chasson Randle,PG,25,WAS,49,2,15.2,1.9,4.4,0.419,0.9,2.3,0.4,0.9,2.1,0.441,0.525,0.9,0.9,0.6940000000000001,0.2,0.9,1.1,2.0,0.5,0.1,0.9,1.9,5.5
554,Julius Randle,PF,24,NOP,73,49,30.6,7.8,14.9,0.524,0.9,2.7,0.344,6.9,12.2,0.564,0.555,4.9,4.9,0.731,2.2,6.5,8.7,3.1,0.7,0.6,2.8,3.4,21.4
555,J.J. Redick,SG,34,PHI,76,63,31.3,5.9,13.5,0.44,3.2,8.0,0.397,2.8,5.6,0.502,0.557,3.0,3.0,0.894,0.3,2.2,2.4,2.7,0.4,0.2,1.3,1.7,18.1
556,Davon Reed,SG,23,IND,10,0,4.7,0.5,1.2,0.41700000000000004,0.2,0.4,0.5,0.3,0.8,0.375,0.5,0.0,0.0,0.0,0.2,0.4,0.6,0.3,0.1,0.0,0.1,0.3,1.2
557,Cameron Reynolds,SG,23,MIN,19,0,13.6,1.7,4.1,0.423,1.1,2.7,0.41200000000000003,0.6,1.4,0.444,0.5579999999999999,0.4,0.4,0.889,0.2,1.4,1.6,0.7,0.3,0.1,0.3,1.4,5.0
558,Josh Richardson,SG,25,MIA,73,73,34.8,5.8,14.1,0.41200000000000003,2.2,6.3,0.35700000000000004,3.5,7.8,0.45799999999999996,0.49200000000000005,2.7,2.7,0.861,0.7,2.9,3.6,4.1,1.1,0.5,1.5,2.7,16.6
559,Malachi Richardson,SG,23,TOR,22,0,4.7,0.4,1.3,0.31,0.4,1.1,0.32,0.0,0.2,0.25,0.44799999999999995,0.2,0.2,0.8,0.1,0.5,0.6,0.0,0.0,0.0,0.4,0.6,1.4
563,Devin Robinson,SF,23,WAS,7,0,13.6,2.7,4.6,0.594,0.0,0.3,0.0,2.7,4.3,0.633,0.594,1.3,1.3,0.643,0.9,2.0,2.9,0.9,0.6,0.9,0.3,1.6,6.7
564,Duncan Robinson,PF,24,MIA,15,1,10.7,1.2,3.1,0.391,0.7,2.3,0.28600000000000003,0.5,0.7,0.727,0.5,0.3,0.3,0.667,0.1,1.1,1.3,0.3,0.3,0.0,0.3,0.7,3.3
565,Glenn Robinson,SF,25,DET,47,18,13.0,1.6,3.7,0.42,0.4,1.3,0.29,1.2,2.4,0.491,0.47200000000000003,0.7,0.7,0.8,0.4,1.1,1.5,0.4,0.3,0.2,0.4,1.0,4.2
566,Jerome Robinson,SG,21,LAC,33,0,9.7,1.3,3.3,0.4,0.5,1.7,0.316,0.8,1.6,0.491,0.48200000000000004,0.2,0.2,0.667,0.1,1.2,1.2,0.6,0.3,0.1,0.4,1.4,3.4
567,Mitchell Robinson,C,20,NYK,66,19,20.6,3.1,4.4,0.6940000000000001,0.0,0.0,0.0,3.1,4.4,0.6940000000000001,0.6940000000000001,1.2,1.2,0.6,2.7,3.7,6.4,0.6,0.8,2.4,0.5,3.3,7.3
568,Rajon Rondo,PG,32,LAL,46,29,29.8,3.8,9.4,0.405,1.1,3.1,0.359,2.7,6.3,0.428,0.46399999999999997,0.5,0.5,0.639,0.7,4.5,5.3,8.0,1.2,0.2,2.8,2.2,9.2
569,Derrick Rose,PG,30,MIN,51,13,27.3,7.1,14.8,0.48200000000000004,1.1,2.9,0.37,6.1,11.9,0.509,0.518,2.7,2.7,0.856,0.6,2.1,2.7,4.3,0.6,0.2,1.6,1.1,18.0
570,Terrence Ross,SG,27,ORL,81,0,26.5,5.4,12.7,0.428,2.7,7.0,0.38299999999999995,2.8,5.7,0.484,0.534,1.6,1.6,0.875,0.3,3.1,3.5,1.7,0.9,0.4,1.1,1.5,15.1
571,Terry Rozier,PG,24,BOS,79,14,22.7,3.3,8.4,0.387,1.5,4.3,0.353,1.8,4.2,0.42200000000000004,0.47700000000000004,0.9,0.9,0.785,0.4,3.5,3.9,2.9,0.9,0.3,0.9,1.3,9.0
572,Ricky Rubio,PG,28,UTA,68,67,27.9,4.3,10.7,0.40399999999999997,1.2,3.7,0.311,3.2,7.0,0.45399999999999996,0.45799999999999996,2.9,2.9,0.855,0.5,3.1,3.6,6.1,1.3,0.1,2.6,2.6,12.7
573,D'Angelo Russell,PG,22,BRK,81,81,30.2,8.1,18.7,0.434,2.9,7.8,0.369,5.2,10.9,0.48200000000000004,0.512,2.0,2.0,0.78,0.7,3.2,3.9,7.0,1.2,0.2,3.1,1.7,21.1
574,Domantas Sabonis,C,22,IND,74,5,24.8,5.6,9.5,0.59,0.1,0.2,0.529,5.5,9.2,0.5920000000000001,0.596,2.8,2.8,0.715,2.5,6.8,9.3,2.9,0.6,0.4,2.2,3.2,14.1
575,Brandon Sampson,SG,21,CHI,14,2,15.3,2.0,4.3,0.467,0.8,2.1,0.379,1.2,2.2,0.5479999999999999,0.5579999999999999,0.3,0.3,0.667,0.2,0.9,1.1,0.7,0.6,0.2,0.9,1.4,5.1
576,JaKarr Sampson,SF,25,CHI,4,0,31.8,7.3,13.5,0.537,1.3,3.5,0.35700000000000004,6.0,10.0,0.6,0.583,4.3,4.3,0.81,1.3,6.8,8.0,1.0,1.0,0.8,1.0,2.0,20.0
580,Tomáš Satoranský,PG,27,WAS,80,54,27.1,3.2,6.6,0.485,0.8,2.0,0.395,2.4,4.6,0.524,0.545,1.6,1.6,0.8190000000000001,1.0,2.5,3.5,5.0,1.0,0.2,1.5,2.2,8.9
581,Dennis Schröder,PG,25,OKC,79,14,29.3,5.8,14.0,0.414,1.6,4.6,0.341,4.2,9.4,0.45,0.47,2.4,2.4,0.8190000000000001,0.5,3.1,3.6,4.1,0.8,0.2,2.2,2.4,15.5
585,Thabo Sefolosha,SF,34,UTA,50,2,12.2,1.4,3.0,0.47700000000000004,0.7,1.6,0.436,0.7,1.4,0.521,0.591,0.3,0.3,0.636,0.2,2.3,2.5,0.5,0.9,0.1,0.5,0.8,3.8
589,Collin Sexton,PG,20,CLE,82,72,31.8,6.3,14.7,0.43,1.5,3.6,0.402,4.9,11.1,0.44,0.48,2.6,2.6,0.8390000000000001,0.7,2.2,2.9,3.0,0.5,0.1,2.3,2.3,16.7
596,Pascal Siakam,PF,24,TOR,80,79,31.9,6.5,11.8,0.5489999999999999,1.0,2.7,0.369,5.5,9.1,0.602,0.591,3.0,3.0,0.785,1.6,5.3,6.9,3.1,0.9,0.7,1.9,3.0,16.9
597,Jordan Sibert,SG,26,ATL,1,0,4.0,1.0,1.0,1.0,1.0,1.0,1.0,0.0,0.0,0.0,1.5,0.0,0.0,0.0,0.0,0.0,0.0,0.0,0.0,0.0,0.0,0.0,3.0
598,Ben Simmons,PG,22,PHI,79,79,34.2,6.8,12.2,0.563,0.0,0.1,0.0,6.8,12.1,0.5660000000000001,0.563,3.3,3.3,0.6,2.2,6.6,8.8,7.7,1.4,0.8,3.5,2.6,16.9
602,Kobi Simmons,PG,21,CLE,1,0,2.0,0.0,0.0,0.0,0.0,0.0,0.0,0.0,0.0,0.0,0.0,0.0,0.0,0.0,0.0,0.0,0.0,0.0,0.0,0.0,0.0,0.0,0.0
603,Anfernee Simons,SG,19,POR,20,1,7.1,1.4,3.2,0.444,0.5,1.5,0.345,0.9,1.7,0.529,0.524,0.5,0.5,0.563,0.2,0.5,0.7,0.7,0.1,0.0,0.6,0.5,3.8
604,Marcus Smart,SG,24,BOS,80,60,27.5,3.0,7.1,0.42200000000000004,1.6,4.3,0.364,1.4,2.8,0.511,0.5329999999999999,1.3,1.3,0.8059999999999999,0.7,2.2,2.9,4.0,1.8,0.4,1.5,2.5,8.9
608,Ish Smith,PG,30,DET,56,0,22.3,3.7,8.7,0.419,0.8,2.4,0.326,2.9,6.3,0.455,0.46399999999999997,0.8,0.8,0.758,0.4,2.2,2.6,3.6,0.5,0.2,1.1,1.9,8.9
609,J.R. Smith,SG,33,CLE,11,4,20.2,2.5,7.2,0.342,1.1,3.5,0.308,1.4,3.6,0.375,0.418,0.7,0.7,0.8,0.0,1.6,1.6,1.9,1.0,0.3,1.0,1.7,6.7
614,Zhaire Smith,SG,19,PHI,6,2,18.5,2.3,5.7,0.41200000000000003,1.0,2.7,0.375,1.3,3.0,0.444,0.5,1.0,1.0,0.75,0.5,1.7,2.2,1.7,0.3,0.3,1.0,1.3,6.7
615,Tony Snell,SF,27,MIL,74,12,17.6,2.2,4.9,0.452,1.1,2.8,0.397,1.1,2.1,0.522,0.564,0.5,0.5,0.8809999999999999,0.4,1.7,2.1,0.9,0.4,0.2,0.3,1.2,6.0
619,Omari Spellman,PF,21,ATL,46,11,17.5,2.1,5.3,0.402,1.0,2.8,0.344,1.2,2.5,0.466,0.49200000000000005,0.7,0.7,0.711,1.6,2.7,4.2,1.0,0.6,0.5,0.7,1.5,5.9
623,D.J. Stephens,SG,28,MEM,1,0,7.0,1.0,2.0,0.5,0.0,0.0,0.0,1.0,2.0,0.5,0.5,0.0,0.0,0.0,0.0,0.0,0.0,0.0,1.0,0.0,1.0,0.0,2.0
624,Lance Stephenson,SG,28,LAL,68,3,16.5,2.7,6.4,0.426,1.1,2.9,0.371,1.6,3.5,0.47200000000000003,0.51,0.7,0.7,0.685,0.5,2.7,3.2,2.1,0.6,0.1,1.3,1.6,7.2
625,Edmond Sumner,PG,23,IND,23,2,9.1,1.0,2.8,0.344,0.3,1.2,0.259,0.7,1.6,0.405,0.39799999999999996,0.7,0.7,0.625,0.4,0.7,1.0,0.4,0.5,0.2,0.4,1.1,2.9
629,Jayson Tatum,SF,20,BOS,79,79,31.1,5.9,13.1,0.45,1.5,3.9,0.373,4.4,9.2,0.483,0.506,2.5,2.5,0.855,0.9,5.2,6.0,2.1,1.1,0.7,1.5,2.1,15.7
630,Jeff Teague,PG,30,MIN,42,41,30.1,4.2,9.9,0.423,0.8,2.5,0.33299999999999996,3.4,7.4,0.45299999999999996,0.465,2.9,2.9,0.804,0.4,2.1,2.5,8.2,1.0,0.4,2.3,2.1,12.1
634,Miloš Teodosić,PG,31,LAC,15,0,10.0,1.1,2.7,0.425,0.7,1.8,0.37,0.5,0.9,0.5379999999999999,0.55,0.3,0.3,0.5710000000000001,0.2,0.9,1.1,2.1,0.2,0.1,1.4,1.8,3.2
635,Jared Terrell,SG,23,MIN,14,0,7.9,0.9,2.8,0.308,0.3,1.2,0.235,0.6,1.6,0.364,0.359,0.2,0.2,0.5,0.1,0.4,0.4,0.9,0.2,0.1,0.7,1.1,2.2
639,Daniel Theis,C,26,BOS,66,2,13.8,2.2,4.0,0.5489999999999999,0.4,1.0,0.38799999999999996,1.8,3.0,0.603,0.598,0.8,0.8,0.737,1.3,2.1,3.4,1.0,0.3,0.6,0.5,2.4,5.7
640,Isaiah Thomas,SG,29,DEN,12,0,15.1,2.8,8.3,0.34299999999999997,1.0,3.6,0.27899999999999997,1.8,4.7,0.39299999999999996,0.40399999999999997,1.4,1.4,0.63,0.4,0.7,1.1,1.9,0.4,0.1,1.5,1.4,8.1
641,Khyri Thomas,SG,22,DET,26,0,7.5,0.8,2.7,0.319,0.4,1.3,0.28600000000000003,0.5,1.3,0.353,0.391,0.3,0.3,0.636,0.2,0.6,0.8,0.3,0.3,0.2,0.2,0.8,2.3
642,Lance Thomas,PF,30,NYK,46,17,17.0,1.7,4.3,0.396,0.5,1.7,0.278,1.2,2.6,0.475,0.452,0.6,0.6,0.75,0.5,2.1,2.5,0.6,0.4,0.2,0.5,1.8,4.5
643,Klay Thompson,SG,28,GSW,78,78,34.0,8.4,18.0,0.467,3.1,7.7,0.402,5.3,10.3,0.516,0.5529999999999999,1.7,1.7,0.816,0.5,3.4,3.8,2.4,1.1,0.6,1.5,2.0,21.5
644,Tristan Thompson,C,27,CLE,43,40,27.9,4.7,8.8,0.529,0.0,0.0,0.0,4.7,8.8,0.529,0.529,1.6,1.6,0.642,4.0,6.2,10.2,2.0,0.7,0.4,1.4,2.1,10.9
645,Sindarius Thornwell,SG,24,LAC,64,1,4.9,0.3,0.8,0.34700000000000003,0.0,0.2,0.2,0.2,0.5,0.41200000000000003,0.37799999999999995,0.4,0.4,0.735,0.1,0.6,0.7,0.3,0.2,0.1,0.3,0.6,1.0
646,Anthony Tolliver,PF,33,MIN,65,0,16.6,1.5,4.0,0.382,1.2,3.3,0.377,0.3,0.7,0.409,0.539,0.7,0.7,0.7829999999999999,0.2,2.5,2.7,0.7,0.3,0.3,0.6,1.4,5.0
647,Karl-Anthony Towns,C,23,MIN,77,77,33.1,8.8,17.1,0.518,1.8,4.6,0.4,7.0,12.5,0.562,0.5720000000000001,4.9,4.9,0.836,3.4,9.0,12.4,3.4,0.9,1.6,3.1,3.8,24.4
648,Gary Trent,SG,20,POR,15,1,7.4,1.1,3.3,0.32,0.3,1.4,0.23800000000000002,0.7,1.9,0.379,0.37,0.2,0.2,0.429,0.1,0.7,0.7,0.3,0.1,0.1,0.3,0.3,2.7
649,Allonzo Trier,SG,23,NYK,64,3,22.8,3.6,8.1,0.44799999999999995,0.8,2.1,0.39399999999999996,2.8,6.0,0.466,0.498,2.8,2.8,0.8029999999999999,0.5,2.6,3.1,1.9,0.4,0.2,1.8,1.8,10.9
650,P.J. Tucker,PF,33,HOU,82,82,34.2,2.5,6.4,0.396,1.8,4.7,0.377,0.7,1.7,0.449,0.535,0.5,0.5,0.695,1.5,4.4,5.8,1.2,1.6,0.5,0.8,3.1,7.3
651,Evan Turner,PG,30,POR,73,2,22.0,2.8,6.1,0.46,0.2,0.7,0.212,2.6,5.4,0.494,0.473,1.0,1.0,0.708,0.5,4.0,4.5,3.9,0.5,0.2,1.6,1.5,6.8
652,Myles Turner,C,22,IND,74,74,28.6,5.1,10.5,0.48700000000000004,1.0,2.6,0.38799999999999996,4.1,7.9,0.521,0.536,2.0,2.0,0.736,1.4,5.8,7.2,1.6,0.8,2.7,1.4,2.6,13.3
653,Ekpe Udoh,C,31,UTA,51,1,6.3,1.0,1.4,0.6940000000000001,0.0,0.0,0.0,1.0,1.4,0.6940000000000001,0.6940000000000001,0.4,0.4,0.633,0.5,1.2,1.8,0.5,0.2,0.6,0.3,0.7,2.3
654,Tyler Ulis,PG,23,CHI,1,0,1.0,0.0,0.0,0.0,0.0,0.0,0.0,0.0,0.0,0.0,0.0,0.0,0.0,0.0,0.0,0.0,0.0,0.0,0.0,0.0,0.0,0.0,0.0
658,Jarred Vanderbilt,PF,19,DEN,17,0,4.1,0.5,1.1,0.474,0.0,0.1,0.0,0.5,1.1,0.5,0.474,0.4,0.4,0.6,0.4,0.9,1.4,0.2,0.4,0.1,0.5,0.5,1.4
659,Fred VanVleet,PG,24,TOR,64,28,27.5,3.8,9.4,0.41,1.8,4.6,0.37799999999999995,2.1,4.8,0.441,0.503,1.5,1.5,0.843,0.3,2.3,2.6,4.8,0.9,0.3,1.3,1.7,11.0
660,Noah Vonleh,PF,23,NYK,68,57,25.3,3.0,6.5,0.47,0.7,2.0,0.336,2.4,4.5,0.531,0.523,1.6,1.6,0.7120000000000001,1.7,6.1,7.8,1.9,0.7,0.8,1.3,2.6,8.4
661,Nikola Vučević,C,28,ORL,80,80,31.4,8.8,16.9,0.518,1.1,2.9,0.364,7.7,14.0,0.5489999999999999,0.5489999999999999,2.2,2.2,0.789,2.8,9.2,12.0,3.8,1.0,1.1,2.0,2.0,20.8
662,Dwyane Wade,SG,37,MIA,72,2,26.2,5.8,13.3,0.433,1.2,3.6,0.33,4.6,9.7,0.47200000000000003,0.478,2.3,2.3,0.708,1.0,3.0,4.0,4.2,0.8,0.5,2.3,1.6,15.0
663,Moritz Wagner,C,21,LAL,43,5,10.4,1.7,4.0,0.415,0.5,1.8,0.28600000000000003,1.1,2.2,0.521,0.48,1.0,1.0,0.8109999999999999,0.4,1.6,2.0,0.6,0.3,0.3,0.9,1.3,4.8
664,Dion Waiters,SG,27,MIA,44,28,25.9,4.5,10.9,0.414,2.5,6.6,0.377,2.0,4.3,0.47100000000000003,0.528,0.5,0.5,0.5,0.2,2.5,2.6,2.8,0.7,0.2,1.5,1.6,12.0
665,Kemba Walker,PG,28,CHO,82,82,34.9,8.9,20.5,0.434,3.2,8.9,0.35600000000000004,5.7,11.6,0.494,0.511,4.6,4.6,0.8440000000000001,0.6,3.8,4.4,5.9,1.2,0.4,2.6,1.6,25.6
666,Lonnie Walker,SG,20,SAS,17,0,6.9,0.9,2.7,0.348,0.3,0.8,0.385,0.6,1.9,0.33299999999999996,0.402,0.5,0.5,0.8,0.0,1.0,1.0,0.5,0.4,0.2,0.2,0.4,2.6
667,John Wall,PG,28,WAS,32,32,34.5,7.7,17.3,0.444,1.6,5.3,0.302,6.1,12.0,0.507,0.49,3.8,3.8,0.6970000000000001,0.5,3.2,3.6,8.7,1.5,0.9,3.8,2.2,20.7
668,Tyrone Wallace,PG,24,LAC,62,0,10.1,1.5,3.5,0.424,0.1,0.3,0.21100000000000002,1.4,3.2,0.444,0.433,0.5,0.5,0.526,0.3,1.3,1.6,0.7,0.3,0.1,0.6,1.3,3.5
669,Taurean Waller-Prince,SF,24,ATL,55,47,28.2,4.8,10.8,0.441,2.2,5.7,0.39,2.5,5.1,0.498,0.545,1.7,1.7,0.8190000000000001,0.4,3.2,3.6,2.1,1.0,0.3,1.8,2.6,13.5
670,Brad Wanamaker,PG,29,BOS,36,0,9.5,1.4,2.9,0.47600000000000003,0.4,1.1,0.41,0.9,1.8,0.515,0.552,0.7,0.7,0.857,0.1,1.1,1.1,1.6,0.3,0.1,0.5,0.9,3.9
671,T.J. Warren,SF,25,PHO,43,36,31.6,6.9,14.2,0.486,1.8,4.2,0.428,5.1,10.0,0.51,0.5489999999999999,2.3,2.3,0.815,0.7,3.3,4.0,1.5,1.2,0.7,1.2,2.8,18.0
672,Julian Washburn,SF,27,MEM,18,3,14.1,0.9,2.7,0.33299999999999996,0.3,1.3,0.20800000000000002,0.6,1.3,0.45799999999999996,0.385,0.2,0.2,0.75,0.4,1.8,2.3,0.8,0.7,0.1,0.4,0.9,2.2
673,Yuta Watanabe,SF,24,MEM,15,0,11.6,1.0,3.4,0.294,0.1,1.1,0.125,0.9,2.3,0.371,0.314,0.5,0.5,0.7,0.3,1.8,2.1,0.5,0.3,0.1,0.4,0.7,2.6
674,Thomas Welsh,C,22,DEN,11,0,3.3,0.6,1.2,0.5379999999999999,0.3,0.6,0.429,0.4,0.5,0.667,0.654,0.1,0.1,0.5,0.0,0.4,0.4,0.5,0.0,0.0,0.1,0.3,1.6
675,Russell Westbrook,PG,30,OKC,73,73,36.0,8.6,20.2,0.428,1.6,5.6,0.29,7.0,14.5,0.48100000000000004,0.46799999999999997,4.1,4.1,0.6559999999999999,1.5,9.6,11.1,10.7,1.9,0.5,4.5,3.4,22.9
676,Derrick White,PG,24,SAS,67,55,25.8,3.9,8.1,0.479,0.7,2.1,0.33799999999999997,3.2,6.0,0.529,0.523,1.4,1.4,0.772,0.5,3.2,3.7,3.9,1.0,0.7,1.4,2.2,9.9
677,Okaro White,PF,26,WAS,3,0,2.0,0.0,0.7,0.0,0.0,0.7,0.0,0.0,0.0,0.0,0.0,0.0,0.0,0.0,0.3,0.3,0.7,0.0,0.0,0.0,0.0,0.0,0.0
678,Hassan Whiteside,C,29,MIA,72,53,23.3,5.4,9.4,0.5710000000000001,0.0,0.2,0.125,5.4,9.2,0.581,0.5720000000000001,1.5,1.5,0.449,3.6,7.8,11.3,0.8,0.6,1.9,1.3,2.7,12.3
679,Andrew Wiggins,SF,23,MIN,73,73,34.8,6.8,16.6,0.41200000000000003,1.6,4.8,0.33899999999999997,5.2,11.8,0.441,0.461,2.8,2.8,0.6990000000000001,1.1,3.7,4.8,2.5,1.0,0.7,1.9,2.1,18.1
680,Alan Williams,PF,26,BRK,5,0,5.2,1.6,2.6,0.615,0.0,0.2,0.0,1.6,2.4,0.667,0.615,0.4,0.4,0.5,0.8,3.0,3.8,0.6,0.2,0.0,0.2,0.4,3.6
681,C.J. Williams,SG,28,MIN,15,0,8.5,1.1,2.3,0.486,0.3,1.1,0.313,0.8,1.3,0.632,0.557,0.0,0.0,0.0,0.1,0.5,0.5,0.8,0.4,0.0,0.3,1.1,2.6
682,Johnathan Williams,C,23,LAL,24,0,15.5,2.7,4.6,0.591,0.0,0.1,0.0,2.7,4.5,0.602,0.591,1.1,1.1,0.563,2.0,2.1,4.1,0.5,0.3,0.3,0.7,2.6,6.5
683,Kenrich Williams,SF,24,NOP,46,29,23.5,2.3,6.1,0.384,1.1,3.4,0.33299999999999996,1.2,2.7,0.447,0.47700000000000004,0.3,0.3,0.684,1.2,3.6,4.8,1.8,1.0,0.4,0.8,2.1,6.1
684,Lou Williams,SG,32,LAC,75,1,26.6,6.5,15.2,0.425,1.4,3.9,0.361,5.1,11.3,0.447,0.47100000000000003,5.7,5.7,0.8759999999999999,0.5,2.4,3.0,5.4,0.8,0.1,2.4,1.1,20.0
685,Marvin Williams,PF,32,CHO,75,75,28.4,3.7,8.7,0.42200000000000004,1.9,5.1,0.366,1.8,3.6,0.5,0.529,0.9,0.9,0.767,1.0,4.4,5.4,1.2,0.9,0.8,0.6,2.1,10.1
686,Robert Williams,C,21,BOS,32,2,8.8,1.1,1.6,0.706,0.0,0.0,0.0,1.1,1.6,0.706,0.706,0.3,0.3,0.6,0.8,1.7,2.5,0.2,0.3,1.3,0.3,1.1,2.5
687,Troy Williams,SF,24,SAC,21,0,14.9,2.1,4.7,0.449,0.7,2.1,0.318,1.4,2.6,0.556,0.52,0.4,0.4,0.6,0.6,2.2,2.8,0.5,0.5,0.4,0.4,1.8,5.3
688,D.J. Wilson,PF,22,MIL,48,3,18.4,2.2,5.2,0.414,1.0,2.6,0.36200000000000004,1.2,2.6,0.46799999999999997,0.506,0.5,0.5,0.5529999999999999,0.9,3.7,4.6,1.1,0.4,0.4,0.7,1.8,5.8
689,Justise Winslow,SF,22,MIA,66,52,29.7,4.9,11.3,0.433,1.5,3.9,0.375,3.5,7.5,0.462,0.49700000000000005,1.3,1.3,0.628,1.0,4.4,5.4,4.3,1.1,0.3,2.2,2.7,12.6
696,Guerschon Yabusele,PF,23,BOS,41,1,6.1,0.9,1.9,0.455,0.2,0.7,0.321,0.6,1.2,0.531,0.513,0.4,0.4,0.682,0.6,0.7,1.3,0.4,0.2,0.2,0.4,0.8,2.3
697,Nick Young,SG,33,DEN,4,0,9.3,0.8,2.3,0.33299999999999996,0.8,2.0,0.375,0.0,0.3,0.0,0.5,0.0,0.0,0.0,0.0,0.3,0.3,0.5,0.0,0.3,0.5,1.0,2.3
698,Thaddeus Young,PF,30,IND,81,81,30.7,5.5,10.4,0.527,0.6,1.8,0.349,4.8,8.6,0.564,0.557,1.1,1.1,0.644,2.4,4.1,6.5,2.5,1.5,0.4,1.5,2.4,12.6
699,Trae Young,PG,20,ATL,81,81,30.9,6.5,15.5,0.418,1.9,6.0,0.324,4.6,9.6,0.47700000000000004,0.48,4.2,4.2,0.8290000000000001,0.8,2.9,3.7,8.1,0.9,0.2,3.8,1.7,19.1
700,Cody Zeller,C,26,CHO,49,47,25.4,3.9,7.0,0.551,0.1,0.4,0.273,3.8,6.6,0.57,0.5589999999999999,2.3,2.3,0.787,2.2,4.6,6.8,2.1,0.8,0.8,1.3,3.3,10.1
704,Ante Žižić,C,22,CLE,59,25,18.3,3.1,5.6,0.5529999999999999,0.0,0.0,0.0,3.1,5.6,0.5529999999999999,0.5529999999999999,1.6,1.6,0.705,1.8,3.6,5.4,0.9,0.2,0.4,1.0,1.9,7.8